"CensoPorModalidad","CodigoCFR","Nombre_Buque","Puerto_Base","Ntrip_NV","Peso_NV","Ntrip_DO","Peso_DO"
"ARRASTRE DE FONDO EN CANTABRICO NW","ESP000005948","ILLA DA CREVA","MARIN",NA,NA,45,32490.9
"ARRASTRE DE FONDO EN CANTABRICO NW","ESP000023061","Gaztelugatxe","ONDARROA",147,325348.4,155,326918.36
"ARRASTRE DE FONDO EN CANTABRICO NW","ESP000023062","Aketxe","ONDARROA",147,310907.9,154,313165.95
"ARRASTRE DE FONDO EN CANTABRICO NW","ESP000023918","LUSCINDA","AVILES",NA,NA,2,5400
"ARRASTRE DE FONDO EN CANTABRICO NW","ESP000024087","TRAVESIA","AVILES",NA,NA,2,128.03
"ARRASTRE DE FONDO EN CANTABRICO NW","ESP000024091","Plaia de Esteiro","MUROS",4,22803,24,78793.27
"ARRASTRE DE FONDO EN CANTABRICO NW","ESP000024283","Serenin ( ex Minchos Quinto)","CELEIRO",21,150346.1,25,302484.66
"ARRASTRE DE FONDO EN CANTABRICO NW","ESP000024563","Arretxu Berria","ONDARROA",129,523281.4,135,525612.81
"ARRASTRE DE FONDO EN CANTABRICO NW","ESP000024580","Andrekala Berria","ONDARROA",129,495434,133,497695.66
"ARRASTRE DE FONDO EN CANTABRICO NW","ESP000024724","Hermanos San Salvador","SANTANDER",2,6942,27,121925.29
"ARRASTRE DE FONDO EN CANTABRICO NW","ESP000024732","Vilaboa Uno","SANTANDER",4,16039,26,102102.64
"ARRASTRE DE FONDO EN CANTABRICO NW","ESP000026604","AVEDAL","ONDARROA",NA,NA,53,155107
"ARRASTRE DE FONDO EN CANTABRICO NW","ESP000027773","Eleuterio Jose Balayo","AVILES",14,113590.5,13,116429.38
"ARRASTRE DE FONDO EN ZONAS CIEM VB, VI,VII y VIIIabde.","ESP000025137","Intxortamendi","ONDARROA",46,546800.3,46,574764.3
"ARRASTRE DE FONDO EN ZONAS CIEM VB, VI,VII y VIIIabde.","ESP000025788","Kalamendi","ONDARROA",93,803373.5,49,845156.34
"ARRASTRE DE FONDO EN ZONAS CIEM VB, VI,VII y VIIIabde.","ESP000025819","Mar Mares","ONDARROA",48,624317.94,44,877020.32
"ARRASTRE DE FONDO EN ZONAS CIEM VB, VI,VII y VIIIabde.","ESP000026011","Eguzki Lore","ONDARROA",56,632148.06,46,668195.1
"ARRASTRE DE FONDO EN ZONAS CIEM VB, VI,VII y VIIIabde.","ESP000026597","Antiuko Ama","ONDARROA",54,965126.53,54,1003588.98
"ARRASTRE DE FONDO EN ZONAS CIEM VB, VI,VII y VIIIabde.","ESP000026833","Kaxu","ONDARROA",84,1057611.5,83,1081081.55
"ARRASTRE DE FONDO EN ZONAS CIEM VB, VI,VII y VIIIabde.","ESP000026886","Kaxarra","ONDARROA",84,999076.1,83,1021480.14
"ARRASTRE DE FONDO EN ZONAS CIEM VB, VI,VII y VIIIabde.","ESP000026887","NUEVO CHAROLAIS","BURELA",NA,NA,2,18081.25
"ARRASTRE DE FONDO EN ZONAS CIEM VB, VI,VII y VIIIabde.","ESP000026895","Gure Kantabriko","ONDARROA",49,550796.4,40,712305.01
"ARRASTRE DE FONDO EN ZONAS CIEM VB, VI,VII y VIIIabde.","ESP000027189","Gure Gaskuña","ONDARROA",46,531982.2,44,644295.62
"ARRASTRE EN AGUAS DE PORTUGAL","ESP000023312","Mar de Agueda (Golfiño R)","MARIN",8,154092,NA,NA
"ARTES FIJAS EN ZONAS CIEM VB, VI,VII y VIIIabde.","ESP000022829","Sukari Primero","SANTANDER",38,359906,37,511137.7
"ARTES FIJAS EN ZONAS CIEM VB, VI,VII y VIIIabde.","ESP000023133","Hermanos Busto","ONDARROA",37,316088.93,35,343875.77
"ARTES FIJAS EN ZONAS CIEM VB, VI,VII y VIIIabde.","ESP000023383","Mataleñas Segundo","BURELA",2,15247,2,17389.76
"ARTES FIJAS EN ZONAS CIEM VB, VI,VII y VIIIabde.","ESP000023422","Jesus de Galiana","BURELA",1,2731.98,1,18041.34
"ARTES FIJAS EN ZONAS CIEM VB, VI,VII y VIIIabde.","ESP000024868","Cali Uno","SANTA UXIA DE RIBEIRA",29,354781,28,514059.22
"ARTES FIJAS EN ZONAS CIEM VB, VI,VII y VIIIabde.","ESP000024879","Vera","BURELA",7,47031,7,112889.04
"ARTES FIJAS EN ZONAS CIEM VB, VI,VII y VIIIabde.","ESP000025384","Brieiro","ONDARROA",31,305840.24,30,325340.51
"ARTES FIJAS EN ZONAS CIEM VB, VI,VII y VIIIabde.","ESP000025710","Breogan Uno","BURELA",1,17700,1,19364.18
"ARTES FIJAS EN ZONAS CIEM VB, VI,VII y VIIIabde.","ESP000026025","Anxuela","CELEIRO",1,2328.6,1,14180.88
"ARTES FIJAS EN ZONAS CIEM VB, VI,VII y VIIIabde.","ESP000026138","Nuevo Santillana","SANTA UXIA DE RIBEIRA",33,349552.4,32,464619.67
"ARTES FIJAS EN ZONAS CIEM VB, VI,VII y VIIIabde.","ESP000026226","Idurre Berria","BURELA",4,33276.07,4,74415.28
"ARTES FIJAS EN ZONAS CIEM VB, VI,VII y VIIIabde.","ESP000026556","Currana Un","CELEIRO",1,2088,1,10569.67
"ARTES FIJAS EN ZONAS CIEM VB, VI,VII y VIIIabde.","ESP000026948","Akillamendi Berria","ONDARROA",34,267299.4,36,622969.69
"ARTES FIJAS EN ZONAS CIEM VB, VI,VII y VIIIabde.","ESP000026956","Breogan Tres","BURELA",2,6923,2,23904.87
"ARTES FIJAS EN ZONAS CIEM VB, VI,VII y VIIIabde.","ESP000026999","Siempre Revuelta","BURELA",3,42501.23,3,50970
"ARTES FIJAS EN ZONAS CIEM VB, VI,VII y VIIIabde.","ESP000027000","Faro de Burela","BURELA",2,30649.63,2,38806.82
"ARTES FIJAS EN ZONAS CIEM VB, VI,VII y VIIIabde.","ESP000027069","Anchousa","CELEIRO",30,257664.71,27,357448.52
"ARTES FIJAS EN ZONAS CIEM VB, VI,VII y VIIIabde.","ESP000100009","Aveneira","CELEIRO",30,251009.52,28,361973.33
"ARTES MENORES EN CANTABRICO NW","ESP000008715","METEORO TERCERO","SANTA EUGENIA DE RIVEIRA",NA,NA,7,6449.7
"ARTES MENORES EN CANTABRICO NW","ESP000015985","Zeruko Lainoa Segundo","DONOSTIA",38,36979.25,37,36912.1
"ARTES MENORES EN CANTABRICO NW","ESP000021828","Castillo Anaiak (ex Agustina)","GETARIA",98,86265.57,124,86713.57
"ARTES MENORES EN CANTABRICO NW","ESP000021920","Alain Bi","GETARIA",67,11395.14,60,11395.14
"ARTES MENORES EN CANTABRICO NW","ESP000022247","Clementina","PASAIA",69,38592.4,75,38805.71
"ARTES MENORES EN CANTABRICO NW","ESP000022800","Amets","GETARIA",131,86727.04,126,88525.68
"ARTES MENORES EN CANTABRICO NW","ESP000022816","Nuevo Chuchi","PASAIA",115,16826.7,123,16893.33
"ARTES MENORES EN CANTABRICO NW","ESP000022945","Madarieta (ex Rubixua)","LEKEITIO",67,1217,67,1217
"ARTES MENORES EN CANTABRICO NW","ESP000022981","Beti Begoñako Ama (ex Beti Barrenetxea)","BERMEO",38,171070.8,40,175474.18
"ARTES MENORES EN CANTABRICO NW","ESP000023204","Canalechebarria","BERMEO",30,166625.08,27,169200.26
"ARTES MENORES EN CANTABRICO NW","ESP000023265","Abelan Uno","PASAIA",174,47006.8,168,47527.14
"ARTES MENORES EN CANTABRICO NW","ESP000023352","Beti Iskander (ex Herbosa)","SANTURTZI",53,31727,80,34298.1
"ARTES MENORES EN CANTABRICO NW","ESP000023420","Aita Joxe","HONDARRIBIA",5,393.9,3,372.3
"ARTES MENORES EN CANTABRICO NW","ESP000023520","YOLANDA CUARTA","CASTRO URDIALES",NA,NA,29,3360.6
"ARTES MENORES EN CANTABRICO NW","ESP000023573","Ilunber eta Iskander","SANTURTZI",74,33768.9,71,32017.1
"ARTES MENORES EN CANTABRICO NW","ESP000023882","Izurdia Maitea","BERMEO",49,164373.25,46,173690.72
"ARTES MENORES EN CANTABRICO NW","ESP000023911","BETI AURRERA","CASTRO URDIALES",NA,NA,6,313.4
"ARTES MENORES EN CANTABRICO NW","ESP000023970","Antiguotarrak (ex Madre Dolores)","DONOSTIA",35,26342.45,35,26775.8
"ARTES MENORES EN CANTABRICO NW","ESP000024104","Gure Ama Martina","HONDARRIBIA",28,191911,45,192506.4
"ARTES MENORES EN CANTABRICO NW","ESP000024140","El Marinero","BERMEO",73,74817.7,110,82294.12
"ARTES MENORES EN CANTABRICO NW","ESP000024140","El Marinero","SANTANDER",20,9758.6,110,82294.12
"ARTES MENORES EN CANTABRICO NW","ESP000024146","Pepin Calvita","PASAIA",7,419,12,3216.95
"ARTES MENORES EN CANTABRICO NW","ESP000024150","Farolin","ZIERBENA",11,21067.6,83,22837
"ARTES MENORES EN CANTABRICO NW","ESP000024158","Itxasoko Lorea Dos","ARMINTZA",63,82603.2,76,82848.5
"ARTES MENORES EN CANTABRICO NW","ESP000024222","Padilla Anaiak","HONDARRIBIA",46,85221.75,61,85221.75
"ARTES MENORES EN CANTABRICO NW","ESP000024300","Mar de Llanes","PASAIA",141,42016.7,131,42346.01
"ARTES MENORES EN CANTABRICO NW","ESP000024354","Nuevo Pastor","CELEIRO",18,5743.7,19,6134.76
"ARTES MENORES EN CANTABRICO NW","ESP000024401","CASTRO VERDE","SANTOÑA",NA,NA,1,892.75
"ARTES MENORES EN CANTABRICO NW","ESP000024416","Handik","PASAIA",162,44713.4,160,40241.6
"ARTES MENORES EN CANTABRICO NW","ESP000024501","Garrintxo eta Zomorro (ex Nuevo Venus)","PASAIA",80,37449.1,88,37813.88
"ARTES MENORES EN CANTABRICO NW","ESP000024541","Mari Errota","LEKEITIO",90,12218,90,12218
"ARTES MENORES EN CANTABRICO NW","ESP000024623","Azkena","PASAIA",114,31513.3,80,31662.92
"ARTES MENORES EN CANTABRICO NW","ESP000024654","Bihotz Alai","ARMINTZA",59,56900.1,64,53747.16
"ARTES MENORES EN CANTABRICO NW","ESP000024737","Nuevo Tono","MUNDAKA",35,7108.1,35,7108.1
"ARTES MENORES EN CANTABRICO NW","ESP000024802","Amua","PLENTZIA",18,31777.3,31,31983.85
"ARTES MENORES EN CANTABRICO NW","ESP000024877","Ixurde","ARMINTZA",48,35747.4,66,36299.22
"ARTES MENORES EN CANTABRICO NW","ESP000024915","Beti Salada Segundo","PASAIA",177,41632.8,171,39253.93
"ARTES MENORES EN CANTABRICO NW","ESP000024946","Beti Zeruko Izarra (ex Laura y Cristina)","BERMEO",70,93081.05,119,93981.21
"ARTES MENORES EN CANTABRICO NW","ESP000024988","Estela del Carmen","MUNDAKA",58,52793.2,84,52836.89
"ARTES MENORES EN CANTABRICO NW","ESP000025003","VELAMAR","RIBADESELLA",NA,NA,1,279
"ARTES MENORES EN CANTABRICO NW","ESP000025104","Rokillo (ex Sara del Mar)","SANTURTZI",33,22006.9,33,21896.5
"ARTES MENORES EN CANTABRICO NW","ESP000025308","Untxi","BERMEO",70,23746.6,68,24053.5
"ARTES MENORES EN CANTABRICO NW","ESP000025480","Nuevo Moni","BERMEO",47,49398.55,36,52555.01
"ARTES MENORES EN CANTABRICO NW","ESP000025496","Hiru Anaiak","SANTURTZI",50,44249.75,153,56866.15
"ARTES MENORES EN CANTABRICO NW","ESP000025521","Gure Naiara (ex Ana Karina)","BERMEO",96,91056.6,165,89855.69
"ARTES MENORES EN CANTABRICO NW","ESP000025522","Bide Ona Bi","LEKEITIO",57,40226.75,56,40345.74
"ARTES MENORES EN CANTABRICO NW","ESP000025539","Atxurra Anaiak","LEKEITIO",120,39613.4,123,39393.52
"ARTES MENORES EN CANTABRICO NW","ESP000025649","Jon Kurtzio (ex Artxanda Eder)","BERMEO",88,52736.45,69,51537.7
"ARTES MENORES EN CANTABRICO NW","ESP000025721","Satanas Bi","DONOSTIA",79,9462.7,86,10186.1
"ARTES MENORES EN CANTABRICO NW","ESP000025749","Nuevo Turri (ex Sabadeo ex Abertzale)","SANTURTZI",74,67337.55,90,74999.07
"ARTES MENORES EN CANTABRICO NW","ESP000025771","Jairo","PASAIA",15,2717.8,15,2717.8
"ARTES MENORES EN CANTABRICO NW","ESP000025804","Beti Oitz","ONDARROA",49,63442.35,59,57970.42
"ARTES MENORES EN CANTABRICO NW","ESP000025805","Urdaibai Bat","BERMEO",81,111324.7,111,117522
"ARTES MENORES EN CANTABRICO NW","ESP000025893","Elenita Berria","MUTRIKU",48,34745.5,114,42566.25
"ARTES MENORES EN CANTABRICO NW","ESP000025927","Izaro Hiru (ex Nubei)","MUTRIKU",21,26816.44,36,30950.92
"ARTES MENORES EN CANTABRICO NW","ESP000025927","Izaro Hiru (ex Nubei)","SANTOÑA",15,4131.9,36,30950.92
"ARTES MENORES EN CANTABRICO NW","ESP000025945","Gure Ametxa (ex Totaio)","LEKEITIO",85,63898.05,144,63438.9
"ARTES MENORES EN CANTABRICO NW","ESP000025989","Gure Garoa","BERMEO",8,5255.1,8,5255.1
"ARTES MENORES EN CANTABRICO NW","ESP000025997","Jesus Nazaret Berria","LEKEITIO",135,50031.4,134,49992
"ARTES MENORES EN CANTABRICO NW","ESP000026035","Antxeta Primero","BERMEO",46,57111.25,46,57426.7
"ARTES MENORES EN CANTABRICO NW","ESP000026232","Nuevo Horizonte Txiki","PASAIA",199,20439.7,209,20682.85
"ARTES MENORES EN CANTABRICO NW","ESP000026298","Guk","DONOSTIA",55,95915.05,81,95905.5
"ARTES MENORES EN CANTABRICO NW","ESP000026369","Manuelak","GETARIA",39,11047.15,38,11047.15
"ARTES MENORES EN CANTABRICO NW","ESP000026380","Goiz Argi Berria","PASAIA",37,7445.4,40,7446.13
"ARTES MENORES EN CANTABRICO NW","ESP000026510","Irina III (ex Igai Segundo)","PLENTZIA",67,58435.39,65,58604.57
"ARTES MENORES EN CANTABRICO NW","ESP000026574","Madari","ARMINTZA",82,48783.15,100,49450.62
"ARTES MENORES EN CANTABRICO NW","ESP000026620","Ostarte (ex Krexal)","HONDARRIBIA",81,124710.94,104,128037.17
"ARTES MENORES EN CANTABRICO NW","ESP000026683","Koasta","GETARIA",179,14555.8,116,14602.75
"ARTES MENORES EN CANTABRICO NW","ESP000026891","O Croito","GETARIA",95,12496.6,88,12502.67
"ARTES MENORES EN CANTABRICO NW","ESP000026904","Guadalupeko Saindutegia Berria","LLANES",23,2133.35,143,73070.09
"ARTES MENORES EN CANTABRICO NW","ESP000026904","Guadalupeko Saindutegia Berria","PASAIA",144,68850.96,143,73070.09
"ARTES MENORES EN CANTABRICO NW","ESP000027028","Mariñel (ex Siempre Maria Mercedes)","HONDARRIBIA",63,80804.2,125,79665.9
"ARTES MENORES EN CANTABRICO NW","ESP000027037","Pysbe Bat","GETARIA",152,17098.22,100,16581.11
"ARTES MENORES EN CANTABRICO NW","ESP000027112","Beti Gure Iskander (ex Martin Albizu Anaiak)","SANTURTZI",35,104528.46,87,108935.86
"ARTES MENORES EN CANTABRICO NW","ESP000027320","Urreburu I","BILBAO",28,1152.3,28,1152.3
"ARTES MENORES EN CANTABRICO NW","ESP000027545","Marien","BERMEO",109,55832.22,115,56079.79
"ARTES MENORES EN CANTABRICO NW","ESP000027687","Tronada","ONDARROA",22,12345,22,11681
"ARTES MENORES EN CANTABRICO NW","ESP000027711","Pozik Bizi","GETARIA",76,11902.6,76,11916.42
"ARTES MENORES EN CANTABRICO NW","ESP000027719","Otero","MUTRIKU",65,17509.6,45,17519.53
"ARTES MENORES EN CANTABRICO NW","ESP000100026","Totaio","LEKEITIO",151,74284.4,168,75353.65
"ARTES MENORES EN CANTABRICO NW","ESP000100041","Isturiz I","DONOSTIA",19,67560.5,31,62795.94
"ARTES MENORES EN CANTABRICO NW","ESP000100068","Manuelak Bi","GETARIA",101,9927.09,92,9927.09
"BACALADEROS","ESP000015540","Arosa Nueve","PASAIA",1,0,6,2604925.71
"BACALADEROS","ESP000026859","EGUNABAR","PASAJES",NA,NA,5,1613434.19
"CERCO EN CANTABRICO NW","ESP000010863","Beti San Luis","ORIO",42,330847.8,52,331141.49
"CERCO EN CANTABRICO NW","ESP000013612","San Adrian do Mar","ARES",16,64255.5,17,68257.4
"CERCO EN CANTABRICO NW","ESP000014916","Chono Segundo","SADA",12,50526.7,22,54244.4
"CERCO EN CANTABRICO NW","ESP000015219","Pedro Jose Berria","GETARIA",69,703202.3,82,703164.95
"CERCO EN CANTABRICO NW","ESP000015415","Siempre Urbegi (ex Siro Segundo)","CAMARIÑAS",20,116651,22,122611.9
"CERCO EN CANTABRICO NW","ESP000015855","Ollo do Mar","FOZ",3,21229,6,42482
"CERCO EN CANTABRICO NW","ESP000020586","Cuarto Cabo Naval","PORTOSIN",14,38029.5,26,38029.5
"CERCO EN CANTABRICO NW","ESP000021353","Beti Euskal Herria","BERMEO",37,166369.5,54,171572.4
"CERCO EN CANTABRICO NW","ESP000021641","A Tenencia (ex Maria Javier)","SADA",22,114502.8,24,114501.6
"CERCO EN CANTABRICO NW","ESP000021708","Gorostiaga Hermanos (ex Algarife)","ZIERBENA",111,539832.8,115,551868
"CERCO EN CANTABRICO NW","ESP000021971","Galaico Segundo","SANTOÑA",11,39047.1,19,48218.1
"CERCO EN CANTABRICO NW","ESP000022043","Reina Consuelo","ARES",5,36252.4,13,55973.6
"CERCO EN CANTABRICO NW","ESP000022209","Agarimo Dous","ARES",11,69353.9,14,69382
"CERCO EN CANTABRICO NW","ESP000022245","Marhvin (ex Siempre Beatriz)","SANTOÑA",10,41642.2,28,56482.67
"CERCO EN CANTABRICO NW","ESP000022246","Ardoran (Arno Primero)","PORTOSIN",16,92013.3,20,106011.7
"CERCO EN CANTABRICO NW","ESP000022332","Irigoien Berria","GETARIA",50,501004.7,66,500671.4
"CERCO EN CANTABRICO NW","ESP000022409","Moropa","CAMBADOS",19,94712.2,27,104734.4
"CERCO EN CANTABRICO NW","ESP000022639","Nuevo Rober","HONDARRIBIA",40,277959.8,46,277762.38
"CERCO EN CANTABRICO NW","ESP000022756","Manilo","CARREIRA",33,271111.6,46,284034.5
"CERCO EN CANTABRICO NW","ESP000022960","Romina Segundo","PORTOSIN",19,116041.7,21,132958.04
"CERCO EN CANTABRICO NW","ESP000022992","Maria Digna Dos","BERMEO",21,161100.7,20,161885
"CERCO EN CANTABRICO NW","ESP000023037","Gamecho","SANTANDER",34,312617.6,61,418211
"CERCO EN CANTABRICO NW","ESP000023059","Capricho de Persebellos","CAMBADOS",17,113558.1,20,123655.95
"CERCO EN CANTABRICO NW","ESP000023060","Argote 2 (ex Jose y Tomasa)","LAREDO",18,122621.8,25,124080.2
"CERCO EN CANTABRICO NW","ESP000023089","Oskarbi","BERMEO",4,43918,5,43919
"CERCO EN CANTABRICO NW","ESP000023168","Nuevo Creador","SANTANDER",35,234929.3,55,313772.65
"CERCO EN CANTABRICO NW","ESP000023178","Saleta","CARREIRA",23,155110.95,29,179850
"CERCO EN CANTABRICO NW","ESP000023205","Brisas Dos","SANTANDER",27,167349.7,38,180576.9
"CERCO EN CANTABRICO NW","ESP000023206","Beti Itxas Argi","BERMEO",17,144662.6,24,144554.5
"CERCO EN CANTABRICO NW","ESP000023225","Nuevo Torre Quitina","COLINDRES",21,152375.8,33,178880
"CERCO EN CANTABRICO NW","ESP000023227","Berriz Irigoien","GETARIA",60,606499.1,66,605816
"CERCO EN CANTABRICO NW","ESP000023244","Amatxo (3BI21-96)","BERMEO",21,125499.5,27,125491
"CERCO EN CANTABRICO NW","ESP000023251","Siempre Peco","SANTOÑA",4,24054.4,16,36436
"CERCO EN CANTABRICO NW","ESP000023255","Madre Lita","SANTOÑA",7,41168.7,19,85748
"CERCO EN CANTABRICO NW","ESP000023256","Mayador Uno","PONTEDEUME",20,118983,34,154168.2
"CERCO EN CANTABRICO NW","ESP000023296","Braulin","LAREDO",17,99719.4,24,145053.65
"CERCO EN CANTABRICO NW","ESP000023348","Marcialito Quinto","VIGO",17,78520.8,24,95333.2
"CERCO EN CANTABRICO NW","ESP000023367","Siempre Adrian (ex Curuto Dos)","VIGO",10,33317.5,13,34507.5
"CERCO EN CANTABRICO NW","ESP000023394","Berriz Matutina (ex San Francisco Berria)","HONDARRIBIA",39,392921.7,50,392913
"CERCO EN CANTABRICO NW","ESP000023421","Nuevo Santanina","AVILES",3,13522.3,11,38177
"CERCO EN CANTABRICO NW","ESP000023467","Luis Barranko (ex Kantabriko Berria)","HONDARRIBIA",52,492386.15,61,493455.85
"CERCO EN CANTABRICO NW","ESP000023474","O Viscaya (ex Nolito Persebello)","CAMBADOS",17,98350.3,20,110731.4
"CERCO EN CANTABRICO NW","ESP000023484","Nuevo Libe","SANTOÑA",24,171613.6,41,315980.1
"CERCO EN CANTABRICO NW","ESP000023485","Escalador Dos","PORTOSIN",11,34800.1,16,42252.6
"CERCO EN CANTABRICO NW","ESP000023512","Costa Cordal","CAMBADOS",9,18262.6,11,22818.5
"CERCO EN CANTABRICO NW","ESP000023529","Itsasoan (ex Luis Barranco)","HONDARRIBIA",47,519635.6,68,519639.5
"CERCO EN CANTABRICO NW","ESP000023536","Capricho de Cambados","CAMBADOS",17,116259.3,19,131701.9
"CERCO EN CANTABRICO NW","ESP000023552","Siempre Landera (ex Ama Antiguakoa - ex Aitxetxu)","SANTOÑA",40,294234.4,52,424680
"CERCO EN CANTABRICO NW","ESP000023586","Nuevo Hermanos Cortabitarte","SAN VICENTE DE LA BARQUERA",18,170251.8,24,193915
"CERCO EN CANTABRICO NW","ESP000023627","Sin Querer Tres (ex Nuestra Madre Juanita)","LAREDO",14,98405.4,50,277466.2
"CERCO EN CANTABRICO NW","ESP000023627","Sin Querer Tres (ex Nuestra Madre Juanita)","PORTONOVO",21,168523.9,50,277466.2
"CERCO EN CANTABRICO NW","ESP000023638","Nueva Emperatriz","LASTRES",6,46116.2,10,57714.3
"CERCO EN CANTABRICO NW","ESP000023656","Arela","PORTO DO SON",27,207940.5,41,235414.5
"CERCO EN CANTABRICO NW","ESP000023690","Divina del Mar (ex Toñin - ex Gorostiaga Hermanos)","PORTOSIN",20,106595.3,25,110542.1
"CERCO EN CANTABRICO NW","ESP000023759","Maremi","SANTOÑA",15,96872.6,27,119142.3
"CERCO EN CANTABRICO NW","ESP000023783","Nuevo San Mateo","AVILES",19,126957.2,26,140931.9
"CERCO EN CANTABRICO NW","ESP000023798","Marcelina Lecue","SAN VICENTE DE LA BARQUERA",9,64268.9,19,74680.6
"CERCO EN CANTABRICO NW","ESP000023803","Nuevo Panelo Villa","LAREDO",24,188213.2,41,245199.4
"CERCO EN CANTABRICO NW","ESP000023804","Albo Puertas","CASTRO URDIALES",16,70544,33,88221.1
"CERCO EN CANTABRICO NW","ESP000023830","Nuevo Horizonte Abierto","HONDARRIBIA",38,360006.3,53,361638
"CERCO EN CANTABRICO NW","ESP000023834","San Roque Divino","COLINDRES",33,275668,54,332342.1
"CERCO EN CANTABRICO NW","ESP000023837","O Oriente","REDONDELA",19,110273.8,23,117371
"CERCO EN CANTABRICO NW","ESP000023867","Angel Padre","COLINDRES",16,54524.55,26,66944.5
"CERCO EN CANTABRICO NW","ESP000023876","Ermita Pilar","SANTOÑA",32,251712.1,41,366311.7
"CERCO EN CANTABRICO NW","ESP000023943","Novo Ameixa","REDONDELA",16,99079.2,23,111790.3
"CERCO EN CANTABRICO NW","ESP000023947","Manuel Padre Segundo","COLINDRES",23,183436,38,250290
"CERCO EN CANTABRICO NW","ESP000023948","Bustillo Donosti","COLINDRES",26,188584.4,34,252163.62
"CERCO EN CANTABRICO NW","ESP000024009","Nuevo Maria Javier (ex J Teresa)","PORTOSIN",39,243010.7,58,264961.1
"CERCO EN CANTABRICO NW","ESP000024141","Nuevo Terreño","COLINDRES",28,192668.1,43,314228
"CERCO EN CANTABRICO NW","ESP000024170","Santana Berria","GETARIA",79,1225549.7,109,1225436.5
"CERCO EN CANTABRICO NW","ESP000024178","Santa Luzia Hiru","GETARIA",45,388103.3,52,388088
"CERCO EN CANTABRICO NW","ESP000024179","San Prudentzio Berria","GETARIA",52,536191.75,71,536175.9
"CERCO EN CANTABRICO NW","ESP000024193","Siempre Santa Maria","SAN VICENTE DE LA BARQUERA",14,74413.4,18,84366.3
"CERCO EN CANTABRICO NW","ESP000024228","Mirando o Mar","FOZ",7,41544,11,61051
"CERCO EN CANTABRICO NW","ESP000024253","Os Xuxos (ex Marino y Jose)","CAMARIÑAS",10,38038.9,11,42343.5
"CERCO EN CANTABRICO NW","ESP000024266","Nuevo Virgen Poderosa","LAREDO",10,53891,20,70871.9
"CERCO EN CANTABRICO NW","ESP000024282","Nuevo Luz Alba","SANTANDER",48,141659.2,70,170643.15
"CERCO EN CANTABRICO NW","ESP000024302","Noche de Paz","SANTOÑA",6,32457.8,13,51279
"CERCO EN CANTABRICO NW","ESP000024332","Madre Consuelo","LAREDO",35,192998.3,60,202820
"CERCO EN CANTABRICO NW","ESP000024381","Porto de Aguiño","SANTA UXIA DE RIBEIRA",34,250179.1,47,284215.16
"CERCO EN CANTABRICO NW","ESP000024410","Nuevo Collado Lindo","COLINDRES",25,117972,39,148303
"CERCO EN CANTABRICO NW","ESP000024486","O Subrido","CANGAS DO MORRAZO",19,136155.6,21,154093.6
"CERCO EN CANTABRICO NW","ESP000024515","Almirante Berria (ex Gure Gizizti)","HONDARRIBIA",46,214274.6,47,214595.8
"CERCO EN CANTABRICO NW","ESP000024518","Itsas Eder (ex Nuevo Bellamar)","HONDARRIBIA",61,624988.7,78,624986.7
"CERCO EN CANTABRICO NW","ESP000024540","Maruxia Segundo (ex Mar Galilea Primero)","PORTOSIN",21,109968.6,25,115952.2
"CERCO EN CANTABRICO NW","ESP000024545","Creador (ex Alba del Mar Primero)","SANTANDER",36,311339,58,377488
"CERCO EN CANTABRICO NW","ESP000024556","Punta Cancelada (ex Pla das Furnas ex  S Ratonero)","PORTOSIN",37,243730,51,265845.3
"CERCO EN CANTABRICO NW","ESP000024561","Pittar","HONDARRIBIA",46,446192.3,66,446169
"CERCO EN CANTABRICO NW","ESP000024630","Montserrat Berria","ORIO",51,641920,55,642265.1
"CERCO EN CANTABRICO NW","ESP000024653","Gure Amuitz","HONDARRIBIA",46,427867.75,52,427518
"CERCO EN CANTABRICO NW","ESP000024681","O Capricho","PONTEDEUME",21,118692.55,28,123684.05
"CERCO EN CANTABRICO NW","ESP000024717","Anduiza Anaiak","BERMEO",18,131872.5,20,131894.5
"CERCO EN CANTABRICO NW","ESP000024730","Playa de Covas","CELEIRO",23,147019.3,26,163986.9
"CERCO EN CANTABRICO NW","ESP000024736","Maruxia (ex Nuevo Roma Tres)","PORTOSIN",21,121370,28,130966.8
"CERCO EN CANTABRICO NW","ESP000024977","Gorostiaga Hermanos Dos","ZIERBENA",114,492316.5,112,478071.3
"CERCO EN CANTABRICO NW","ESP000024985","Nuevo Mar Gloria","SAN VICENTE DE LA BARQUERA",12,80670.9,18,99786.7
"CERCO EN CANTABRICO NW","ESP000024986","Nuevo Aires Ason","COLINDRES",32,205842.3,51,261131.7
"CERCO EN CANTABRICO NW","ESP000025115","Demar","BERMEO",38,206352.7,58,205114
"CERCO EN CANTABRICO NW","ESP000025177","Estrella Polar Primero","COLINDRES",28,196042.8,46,259435.8
"CERCO EN CANTABRICO NW","ESP000025229","Beti Piedad","GETARIA",42,441026.6,60,441026.6
"CERCO EN CANTABRICO NW","ESP000025230","Aita Ramon","HONDARRIBIA",21,137998.5,27,137496
"CERCO EN CANTABRICO NW","ESP000025231","Tuku Tuku","HONDARRIBIA",59,571643.53,76,572791.13
"CERCO EN CANTABRICO NW","ESP000025232","Arrantzale (3SS13-01)","HONDARRIBIA",43,456076.55,64,456968.39
"CERCO EN CANTABRICO NW","ESP000025233","Kaximirona","GETARIA",47,510339.55,47,514676.95
"CERCO EN CANTABRICO NW","ESP000025257","Siempre al Alba","SANTOÑA",13,69180.7,21,133240
"CERCO EN CANTABRICO NW","ESP000025287","Kalamua Bi","LEKEITIO",52,489687,55,489659
"CERCO EN CANTABRICO NW","ESP000025310","Berriz Ave Maria","ORIO",50,476165.8,50,476318.41
"CERCO EN CANTABRICO NW","ESP000025315","Agustin Deuna","GETARIA",56,578811.75,73,579336
"CERCO EN CANTABRICO NW","ESP000025320","San Antonio Berria","ORIO",40,399491.66,51,399955
"CERCO EN CANTABRICO NW","ESP000025321","Beti Aingeru","ORIO",48,557463.6,61,557768.55
"CERCO EN CANTABRICO NW","ESP000025325","Aitana del Mar (ex Nuevo Jose David)","LAREDO",21,104451.3,31,142591.05
"CERCO EN CANTABRICO NW","ESP000025405","Cruceiro de Pazos","SADA",21,121209.3,25,121172.3
"CERCO EN CANTABRICO NW","ESP000025540","Txingudi","HONDARRIBIA",44,462860.2,64,462851.2
"CERCO EN CANTABRICO NW","ESP000025562","Sempre Güeto (ex San Xiao Primero)","PORTOSIN",19,103023.2,26,110385.2
"CERCO EN CANTABRICO NW","ESP000025568","Berriz Kukuarri (ex Gure Aita Joxe)","DONOSTIA",54,542358.6,73,543424
"CERCO EN CANTABRICO NW","ESP000025586","Chiquita dos","VIGO",18,97983.4,21,104931.2
"CERCO EN CANTABRICO NW","ESP000025595","Novo Cazador","A CORUÑA",1,2500,2,7229
"CERCO EN CANTABRICO NW","ESP000025604","Izaskun Berria","GETARIA",65,720072.4,77,720093.2
"CERCO EN CANTABRICO NW","ESP000025606","Attona Domingo","HONDARRIBIA",62,635493.55,84,635465.5
"CERCO EN CANTABRICO NW","ESP000025608","Azkoitia","GETARIA",50,481570.1,56,481578.55
"CERCO EN CANTABRICO NW","ESP000025616","Mater Bi","GETARIA",47,380232.2,55,380143.3
"CERCO EN CANTABRICO NW","ESP000025857","O Poche","CARREIRA",20,138297,27,164794.9
"CERCO EN CANTABRICO NW","ESP000025869","Nuestro Padre Tonino","LAREDO",31,307947.6,54,399243.4
"CERCO EN CANTABRICO NW","ESP000025888","Berriz Patxiku","GETARIA",49,283635.4,61,283573.7
"CERCO EN CANTABRICO NW","ESP000025901","Lekanda","BERMEO",44,233532.9,58,233877.4
"CERCO EN CANTABRICO NW","ESP000025909","Portosin Dos","PORTOSIN",20,148906.5,26,166821
"CERCO EN CANTABRICO NW","ESP000025935","Novo Touriñan (ex Casal Novo)","CAMARIÑAS",9,22440.5,9,24355.5
"CERCO EN CANTABRICO NW","ESP000025996","San Fermin Berria","HONDARRIBIA",45,416796.3,60,416823
"CERCO EN CANTABRICO NW","ESP000026006","Montserrat Morenita","PORTOSIN",15,93618.1,18,115378.88
"CERCO EN CANTABRICO NW","ESP000026064","Gure Gogoa","GETARIA",41,357635.25,65,489018.89
"CERCO EN CANTABRICO NW","ESP000026064","Gure Gogoa","ORIO",14,133135.1,65,489018.89
"CERCO EN CANTABRICO NW","ESP000026157","Gure Imanol","SANTURTZI",126,686815.25,174,686978.3
"CERCO EN CANTABRICO NW","ESP000026211","Ongi Etorri","ONDARROA",50,378780.9,71,379559.4
"CERCO EN CANTABRICO NW","ESP000026217","Sempre Galaico","CAMBADOS",19,137855.7,21,143859.2
"CERCO EN CANTABRICO NW","ESP000026240","Madre Lucia (ex Toñin)","LAREDO",16,73544,29,105553.25
"CERCO EN CANTABRICO NW","ESP000026262","Mi Nombre Cinco","VIGO",29,179292,31,185648.5
"CERCO EN CANTABRICO NW","ESP000026370","Itsas Lagunak","HONDARRIBIA",84,867821,100,868249.9
"CERCO EN CANTABRICO NW","ESP000026388","Ansia","PASAIA",129,1014255.75,150,1015633.3
"CERCO EN CANTABRICO NW","ESP000026404","Tercero dos Meros","CAMBADOS",19,108200.7,25,119928
"CERCO EN CANTABRICO NW","ESP000026628","Tecelana","SADA",24,77207.9,32,83135.8
"CERCO EN CANTABRICO NW","ESP000026741","Abra de Aguiño","SANTA UXIA DE RIBEIRA",37,371872,45,427633
"CERCO EN CANTABRICO NW","ESP000027056","Segunda Romina","PORTOSIN",19,133195.5,25,149187.5
"CERCO EN CANTABRICO NW","ESP000027375","Tribal","VIGO",15,94068.4,19,102377.7
"CERCO EN CANTABRICO NW","ESP000027558","Playa del Astilleru","LASTRES",10,29626.9,88,120821.3
"CERCO EN CANTABRICO NW","ESP000027558","Playa del Astilleru","SANTURTZI",55,91891.2,88,120821.3
"CERCO EN CANTABRICO NW","ESP000027587","Santiño do Mar","MALPICA DE BERGANTIÑOS",17,80420.6,25,90712.5
"CERCO EN CANTABRICO NW","ESP000027743","Kantauri","GETARIA",126,1016145.73,215,1022994.42
"CERCO EN CANTABRICO NW","ESP000027744","O Titan","PORTOSIN",20,141229,23,159172.5
"CERCO EN CANTABRICO NW","ESP000100081","Pasa Aqui","A CORUÑA",5,18071.9,7,18071.9
"PALANGRE DE FONDO EN CANTABRICO NW","ESP000007966","Ana Jesus","LUARCA",16,2315.6,21,2483.91
"PALANGRE DE FONDO EN CANTABRICO NW","ESP000021836","PICO DA LEBRE","CILLERO",NA,NA,4,221.52
"PALANGRE DE FONDO EN CANTABRICO NW","ESP000022321","ABRA DE MUXIA","MUGIA",NA,NA,9,5016
"PALANGRE DE FONDO EN CANTABRICO NW","ESP000023081","PESCALEMA","MUGIA",NA,NA,28,37684.61
"PALANGRE DE FONDO EN CANTABRICO NW","ESP000023517","Madre Pilar","ONDARROA",3,385,39,81812.24
"PALANGRE DE FONDO EN CANTABRICO NW","ESP000023517","Madre Pilar","SANTA UXIA DE RIBEIRA",13,1187.7,39,81812.24
"PALANGRE DE FONDO EN CANTABRICO NW","ESP000023747","CU CA","MUGIA",NA,NA,13,19282.8
"PALANGRE DE FONDO EN CANTABRICO NW","ESP000024356","Gure Fatima","BERMEO",28,156268.9,34,156287.61
"PALANGRE DE FONDO EN CANTABRICO NW","ESP000024496","Nuevo Hermanos Suarez","CUDILLERO",1,196,7,7955.47
"PALANGRE DE FONDO EN CANTABRICO NW","ESP000024514","Arlanpi","ONDARROA",47,152086.5,41,153761.69
"PALANGRE DE FONDO EN CANTABRICO NW","ESP000024947","Otzarri Berria","BERMEO",21,174962,21,174572
"PALANGRE DE FONDO EN CANTABRICO NW","ESP000025023","Atain","CAMARIÑAS",1,31.5,15,59353.08
"PALANGRE DE FONDO EN CANTABRICO NW","ESP000025055","NUBERU","CUDILLERO",NA,NA,1,2171
"PALANGRE DE FONDO EN CANTABRICO NW","ESP000025065","El David","CUDILLERO",2,358.3,17,15704.84
"PALANGRE DE FONDO EN CANTABRICO NW","ESP000025292","Koroko (ex Urresti Berria)","BERMEO",21,127015.5,22,126959
"PALANGRE DE FONDO EN CANTABRICO NW","ESP000025426","CORVO","MUGIA",NA,NA,17,16763.71
"PALANGRE DE FONDO EN CANTABRICO NW","ESP000025490","Itoitz","ONDARROA",34,152281.9,45,153739.27
"PALANGRE DE FONDO EN CANTABRICO NW","ESP000025501","Gure Itxaropena","HONDARRIBIA",30,187551.9,39,187471.11
"PALANGRE DE FONDO EN CANTABRICO NW","ESP000025650","Arantzazuko Izarra","HONDARRIBIA",29,190581.7,41,190577.5
"PALANGRE DE FONDO EN CANTABRICO NW","ESP000026233","Kala Berri","PASAIA",105,33194.6,116,34131.11
"PALANGRE DE FONDO EN CANTABRICO NW","ESP000026311","Gure Itxas Begi","BERMEO",88,152670.35,121,154189.55
"PALANGRE DE FONDO EN CANTABRICO NW","ESP000026367","NUEVO CARMEN","CUDILLERO",NA,NA,11,12888.7
"PALANGRE DE FONDO EN CANTABRICO NW","ESP000026384","Matxaku","BERMEO",21,145586.5,27,145616
"PALANGRE DE FONDO EN CANTABRICO NW","ESP000026670","Beti Lagun Bi","BERMEO",59,169266.92,NA,NA
"PALANGRE DE FONDO EN CANTABRICO NW","ESP000026985","MAR DE PEDRO","CUDILLERO",NA,NA,2,1665.78
"PALANGRE DE FONDO EN CANTABRICO NW","ESP000027482","VIKINJO","CARREIRA-AGUIÑO",NA,NA,2,3464.41
"PALANGRE DE FONDO EN CANTABRICO NW","ESP000027730","SIEMPRE SAN PABLO","PUERTO DE VEGA",NA,NA,4,3518.97
"PALANGRE DE FONDO MENORES 100 TRB EN VIIIabde.","ESP000024507","Segmon","PUERTO DE VEGA",6,4526.4,13,100134.24
"PALANGRE DE SUPERFICIE CALADERO NACIONAL","ESP000015657","Toniño Segundo","ONDARROA",33,330396,38,486589.92
"PALANGRE DE SUPERFICIE CALADERO NACIONAL","ESP000024130","Gure Leire (ex Nuevo Ruiz Saez)","ONDARROA",7,22652.6,11,32316.64
"RASCO EN CANTABRICO NW","ESP000023015","Caraba","BERMEO",39,169196.3,62,173296.72
"RASCO EN CANTABRICO NW","ESP000023019","Almikeko Ama (ex Beti Txanka)","BERMEO",29,168072.8,36,170388.02
"RASCO EN CANTABRICO NW","ESP000024328","Leporre Anaiak","BERMEO",17,158934.1,19,158933.5
"RASCO EN CANTABRICO NW","ESP000024627","Gaztelugatxeko Doniene","PASAIA",50,155655.7,57,157054.03
"RASCO EN CANTABRICO NW","ESP000025194","Nuevo Maxi y Mario (ex Nueva Amaya)","SANTOÑA",1,284.6,1,433.6
"RASCO EN CANTABRICO NW","ESP000026239","Goienkale (ex Gure Leporre Berria)","BERMEO",73,216210.8,41,221425.76
"VOLANTA EN CANTABRICO NW","ESP000024172","Berriz Albonigamayor","BERMEO",58,188283.25,29,188015.53
"VOLANTA EN CANTABRICO NW","ESP000024831","PEIXIÑO PRIMERO","CARIÑO",NA,NA,5,16617.62
"VOLANTA EN CANTABRICO NW","ESP000025792","Berezmar","BUSTIO",3,10822.2,5,13784.09
"VOLANTA EN CANTABRICO NW","ESP000026670","BETI LAGUN BI","BERMEO",NA,NA,65,171299.55
