"Nombre_Buque","Puerto_Base","Censo","Trip","Fecha_Desembarco","Dia","Mes","Ano","Zona2","Metier","Demersales","Mixto","Otras","Pelagico","Total","P_dem","P_pel","P_mix","P_otr","Metier_Rev","check"
"ANTIUKO AMA","Ondarroa","ARRASTRE DE FONDO EN ZONAS CIEM VB, VI,VII Y VIIIABDE",530297,2020-01-06,7,1,2020,"27.8.abde","OTB_DEF_>=70_0_0",8599.7,1262.8,3852.66,253,13968.17,0.62,0.02,0.09,0.28,"OTB_DEF_>=70_0_0",TRUE
"ANTIUKO AMA","Ondarroa","ARRASTRE DE FONDO EN ZONAS CIEM VB, VI,VII Y VIIIABDE",530453,2020-01-12,13,1,2020,"27.8.abde","OTB_DEF_>=70_0_0",11767.27,985.6,4663.89,119,17535.76,0.67,0.01,0.06,0.27,"OTB_DEF_>=70_0_0",TRUE
"ANTIUKO AMA","Ondarroa","ARRASTRE DE FONDO EN ZONAS CIEM VB, VI,VII Y VIIIABDE",530584,2020-01-19,20,1,2020,"27.8.abde","OTB_DEF_>=70_0_0",12518.92,587,4744.68,548,18398.6,0.68,0.03,0.03,0.26,"OTB_DEF_>=70_0_0",TRUE
"ANTIUKO AMA","Ondarroa","ARRASTRE DE FONDO EN ZONAS CIEM VB, VI,VII Y VIIIABDE",530670,2020-01-26,27,1,2020,"27.8.abde","OTB_DEF_>=70_0_0",10143.77,490,2579.1,724,13936.87,0.73,0.05,0.04,0.19,"OTB_DEF_>=70_0_0",TRUE
"ANTIUKO AMA","Ondarroa","ARRASTRE DE FONDO EN ZONAS CIEM VB, VI,VII Y VIIIABDE",530770,2020-02-02,3,2,2020,"27.8.abde","OTB_DEF_>=70_0_0",9256.07,1186.5,2429.44,946.5,13818.5,0.67,0.07,0.09,0.18,"OTB_DEF_>=70_0_0",TRUE
"ANTIUKO AMA","Ondarroa","ARRASTRE DE FONDO EN ZONAS CIEM VB, VI,VII Y VIIIABDE",530881,2020-02-09,10,2,2020,"27.8.abde","OTB_DEF_>=70_0_0",12401.52,1309,4721.35,1514,19945.87,0.62,0.08,0.07,0.24,"OTB_DEF_>=70_0_0",TRUE
"ANTIUKO AMA","Ondarroa","ARRASTRE DE FONDO EN ZONAS CIEM VB, VI,VII Y VIIIABDE",530995,2020-02-16,17,2,2020,"27.8.abde","OTB_DEF_>=70_0_0",12313.01,837.5,4608.98,1916.5,19675.98,0.63,0.1,0.04,0.23,"OTB_DEF_>=70_0_0",TRUE
"ANTIUKO AMA","Ondarroa","ARRASTRE DE FONDO EN ZONAS CIEM VB, VI,VII Y VIIIABDE",531149,2020-02-23,24,2,2020,"27.8.abde","OTB_DEF_>=70_0_0",12825.19,592.5,4650.34,490.5,18558.53,0.69,0.03,0.03,0.25,"OTB_DEF_>=70_0_0",TRUE
"ANTIUKO AMA","Ondarroa","ARRASTRE DE FONDO EN ZONAS CIEM VB, VI,VII Y VIIIABDE",531330,2020-03-01,2,3,2020,"27.8.abde","OTB_DEF_>=70_0_0",7441.82,291.3,1782.41,1647.5,11163.03,0.67,0.15,0.03,0.16,"OTB_DEF_>=70_0_0",TRUE
"ANTIUKO AMA","Ondarroa","ARRASTRE DE FONDO EN ZONAS CIEM VB, VI,VII Y VIIIABDE",531378,2020-03-04,4,3,2020,"27.8.abde","OTB_DEF_>=70_0_0",1287.32,44,335.87,15372,17039.19,0.08,0.9,0,0.02,"OTB_SPF_>=70_0_0",FALSE
"ANTIUKO AMA","Ondarroa","ARRASTRE DE FONDO EN ZONAS CIEM VB, VI,VII Y VIIIABDE",531429,2020-03-04,5,3,2020,"27.8.abde","OTB_DEF_>=70_0_0",39.88,6.5,26.63,43014,43087.01,0,1,0,0,"OTB_SPF_>=70_0_0",FALSE
"ANTIUKO AMA","Ondarroa","ARRASTRE DE FONDO EN ZONAS CIEM VB, VI,VII Y VIIIABDE",531481,2020-03-05,6,3,2020,"27.8.abde","OTB_DEF_>=70_0_0",0,0,0,24409,24409,0,1,0,0,"OTB_SPF_>=70_0_0",FALSE
"ANTIUKO AMA","Ondarroa","ARRASTRE DE FONDO EN ZONAS CIEM VB, VI,VII Y VIIIABDE",531496,2020-03-07,7,3,2020,"27.8.abde","OTB_DEF_>=70_0_0",0,0,0,21000,21000,0,1,0,0,"OTB_SPF_>=70_0_0",FALSE
"ANTIUKO AMA","Ondarroa","ARRASTRE DE FONDO EN ZONAS CIEM VB, VI,VII Y VIIIABDE",531528,2020-03-08,9,3,2020,"27.8.abde","OTB_DEF_>=70_0_0",25.9,10.5,20.5,66809,66865.9,0,1,0,0,"OTB_SPF_>=70_0_0",FALSE
"ANTIUKO AMA","Ondarroa","ARRASTRE DE FONDO EN ZONAS CIEM VB, VI,VII Y VIIIABDE",531579,2020-03-10,10,3,2020,"27.8.abde","OTB_DEF_>=70_0_0",82.4,13,32.2,35891.5,36019.1,0,1,0,0,"OTB_SPF_>=70_0_0",FALSE
"ANTIUKO AMA","Ondarroa","ARRASTRE DE FONDO EN ZONAS CIEM VB, VI,VII Y VIIIABDE",531678,2020-03-11,11,3,2020,"27.8.abde","OTB_DEF_>=70_0_0",44.15,4.5,9.6,32626,32684.25,0,1,0,0,"OTB_SPF_>=70_0_0",FALSE
"ANTIUKO AMA","Ondarroa","ARRASTRE DE FONDO EN ZONAS CIEM VB, VI,VII Y VIIIABDE",531993,2020-03-15,16,3,2020,"27.8.abde","OTB_DEF_>=70_0_0",8581.54,724,2296.98,431.5,12034.02,0.71,0.04,0.06,0.19,"OTB_DEF_>=70_0_0",TRUE
"ANTIUKO AMA","Ondarroa","ARRASTRE DE FONDO EN ZONAS CIEM VB, VI,VII Y VIIIABDE",532460,2020-03-22,23,3,2020,"27.8.abde","OTB_DEF_>=70_0_0",6997.45,2174.5,4139.62,2302.5,15614.07,0.45,0.15,0.14,0.27,"OTB_DEF_>=70_0_0",TRUE
"ANTIUKO AMA","Ondarroa","ARRASTRE DE FONDO EN ZONAS CIEM VB, VI,VII Y VIIIABDE",533271,2020-04-05,6,4,2020,"27.8.abde","OTB_DEF_>=70_0_0",1570.09,18,348.35,0,1936.44,0.81,0,0.01,0.18,"OTB_DEF_>=70_0_0",TRUE
"ANTIUKO AMA","Ondarroa","ARRASTRE DE FONDO EN ZONAS CIEM VB, VI,VII Y VIIIABDE",533413,2020-04-12,13,4,2020,"27.8.abde","OTB_DEF_>=70_0_0",7376.57,341.5,3061.49,2623,13402.56,0.55,0.2,0.03,0.23,"OTB_DEF_>=70_0_0",TRUE
"ANTIUKO AMA","Ondarroa","ARRASTRE DE FONDO EN ZONAS CIEM VB, VI,VII Y VIIIABDE",533604,2020-04-19,20,4,2020,"27.8.abde","OTB_DEF_>=70_0_0",8080.88,103.5,2237.81,1120,11542.2,0.7,0.1,0.01,0.19,"OTB_DEF_>=70_0_0",TRUE
"ANTIUKO AMA","Ondarroa","ARRASTRE DE FONDO EN ZONAS CIEM VB, VI,VII Y VIIIABDE",534013,2020-04-26,27,4,2020,"27.8.abde","OTB_DEF_>=70_0_0",10763.41,465.5,4924.75,2137.5,18291.17,0.59,0.12,0.03,0.27,"OTB_DEF_>=70_0_0",TRUE
"ANTIUKO AMA","Ondarroa","ARRASTRE DE FONDO EN ZONAS CIEM VB, VI,VII Y VIIIABDE",534270,2020-05-03,4,5,2020,"27.8.abde","OTB_DEF_>=70_0_0",10421.23,102,4685.72,4219,19427.94,0.54,0.22,0.01,0.24,"OTB_DEF_>=70_0_0",TRUE
"ANTIUKO AMA","Ondarroa","ARRASTRE DE FONDO EN ZONAS CIEM VB, VI,VII Y VIIIABDE",534520,2020-05-10,11,5,2020,"27.8.abde","OTB_DEF_>=70_0_0",10297.7,188,3541.94,3796.5,17824.14,0.58,0.21,0.01,0.2,"OTB_DEF_>=70_0_0",TRUE
"ANTIUKO AMA","Ondarroa","ARRASTRE DE FONDO EN ZONAS CIEM VB, VI,VII Y VIIIABDE",534688,2020-05-17,18,5,2020,"27.8.abde","OTB_DEF_>=70_0_0",17478.97,189,3567.68,3449.5,24685.15,0.71,0.14,0.01,0.14,"OTB_DEF_>=70_0_0",TRUE
"ANTIUKO AMA","Ondarroa","ARRASTRE DE FONDO EN ZONAS CIEM VB, VI,VII Y VIIIABDE",534906,2020-05-24,25,5,2020,"27.8.abde","OTB_DEF_>=70_0_0",17118.22,204,4776.87,5471.5,27570.6,0.62,0.2,0.01,0.17,"OTB_DEF_>=70_0_0",TRUE
"ANTIUKO AMA","Ondarroa","ARRASTRE DE FONDO EN ZONAS CIEM VB, VI,VII Y VIIIABDE",535108,2020-05-31,1,6,2020,"27.8.abde","OTB_DEF_>=70_0_0",18617.32,56.5,4212.03,1320,24205.85,0.77,0.05,0,0.17,"OTB_DEF_>=70_0_0",TRUE
"ANTIUKO AMA","Ondarroa","ARRASTRE DE FONDO EN ZONAS CIEM VB, VI,VII Y VIIIABDE",535302,2020-06-07,8,6,2020,"27.8.abde","OTB_DEF_>=70_0_0",15212.12,139,3273.87,1920,20545,0.74,0.09,0.01,0.16,"OTB_DEF_>=70_0_0",TRUE
"ANTIUKO AMA","Ondarroa","ARRASTRE DE FONDO EN ZONAS CIEM VB, VI,VII Y VIIIABDE",535456,2020-06-14,15,6,2020,"27.8.abde","OTB_DEF_>=70_0_0",9826.94,408,2500.65,5846,18581.59,0.53,0.31,0.02,0.13,"OTB_DEF_>=70_0_0",TRUE
"ANTIUKO AMA","Ondarroa","ARRASTRE DE FONDO EN ZONAS CIEM VB, VI,VII Y VIIIABDE",535623,2020-06-21,22,6,2020,"27.8.abde","OTB_DEF_>=70_0_0",10610.12,141.5,2197.95,2110,15059.57,0.7,0.14,0.01,0.15,"OTB_DEF_>=70_0_0",TRUE
"ANTIUKO AMA","Ondarroa","ARRASTRE DE FONDO EN ZONAS CIEM VB, VI,VII Y VIIIABDE",535791,2020-06-25,25,6,2020,"27.8.abde","OTB_DEF_>=70_0_0",0,0,6200,0,6200,0,0,0,1,"OTB_DEF_>=70_0_0",TRUE
"ANTIUKO AMA","Ondarroa","ARRASTRE DE FONDO EN ZONAS CIEM VB, VI,VII Y VIIIABDE",535815,2020-06-28,29,6,2020,"27.8.abde","OTB_DEF_>=70_0_0",6595.24,0,1093.4,1521,9209.64,0.72,0.17,0,0.12,"OTB_DEF_>=70_0_0",TRUE
"ANTIUKO AMA","Ondarroa","ARRASTRE DE FONDO EN ZONAS CIEM VB, VI,VII Y VIIIABDE",536055,2020-07-05,6,7,2020,"27.8.abde","OTB_DEF_>=70_0_0",7109.56,45,997.8,870,9022.36,0.79,0.1,0,0.11,"OTB_DEF_>=70_0_0",TRUE
"ANTIUKO AMA","Ondarroa","ARRASTRE DE FONDO EN ZONAS CIEM VB, VI,VII Y VIIIABDE",536298,2020-07-12,13,7,2020,"27.8.abde","OTB_DEF_>=70_0_0",6476.78,0,847.4,2391.5,9715.68,0.67,0.25,0,0.09,"OTB_DEF_>=70_0_0",TRUE
"ANTIUKO AMA","Ondarroa","ARRASTRE DE FONDO EN ZONAS CIEM VB, VI,VII Y VIIIABDE",536446,2020-07-19,20,7,2020,"27.8.abde","OTB_DEF_>=70_0_0",9308.13,0,2229.9,1411.5,12949.53,0.72,0.11,0,0.17,"OTB_DEF_>=70_0_0",TRUE
"ANTIUKO AMA","Ondarroa","ARRASTRE DE FONDO EN ZONAS CIEM VB, VI,VII Y VIIIABDE",536637,2020-07-26,27,7,2020,"27.8.abde","OTB_DEF_>=70_0_0",11773.57,21.5,1843.2,1282.5,14920.77,0.79,0.09,0,0.12,"OTB_DEF_>=70_0_0",TRUE
"ANTIUKO AMA","Ondarroa","ARRASTRE DE FONDO EN ZONAS CIEM VB, VI,VII Y VIIIABDE",536807,2020-08-02,3,8,2020,"27.8.abde","OTB_DEF_>=70_0_0",9695.59,0,1491.9,4121,15308.49,0.63,0.27,0,0.1,"OTB_DEF_>=70_0_0",TRUE
"ANTIUKO AMA","Ondarroa","ARRASTRE DE FONDO EN ZONAS CIEM VB, VI,VII Y VIIIABDE",537485,2020-08-30,31,8,2020,"27.8.abde","OTB_DEF_>=70_0_0",7927.02,0,1507.1,1628.5,11062.62,0.72,0.15,0,0.14,"OTB_DEF_>=70_0_0",TRUE
"ANTIUKO AMA","Ondarroa","ARRASTRE DE FONDO EN ZONAS CIEM VB, VI,VII Y VIIIABDE",537642,2020-09-06,7,9,2020,"27.8.abde","OTB_DEF_>=70_0_0",11005.22,47,1835.75,1427,14314.97,0.77,0.1,0,0.13,"OTB_DEF_>=70_0_0",TRUE
"ANTIUKO AMA","Ondarroa","ARRASTRE DE FONDO EN ZONAS CIEM VB, VI,VII Y VIIIABDE",537788,2020-09-13,14,9,2020,"27.8.abde","OTB_DEF_>=70_0_0",11363.82,108,2640.22,731,14843.05,0.77,0.05,0.01,0.18,"OTB_DEF_>=70_0_0",TRUE
"ANTIUKO AMA","Ondarroa","ARRASTRE DE FONDO EN ZONAS CIEM VB, VI,VII Y VIIIABDE",537874,2020-09-16,16,9,2020,"27.8.abde","OTB_DEF_>=70_0_0",6055.62,38.5,661.06,84.5,6839.68,0.89,0.01,0.01,0.1,"OTB_DEF_>=70_0_0",TRUE
"ANTIUKO AMA","Ondarroa","ARRASTRE DE FONDO EN ZONAS CIEM VB, VI,VII Y VIIIABDE",537915,2020-09-16,17,9,2020,"27.8.abde","OTB_DEF_>=70_0_0",2464.09,0,451.85,130.5,3046.44,0.81,0.04,0,0.15,"OTB_DEF_>=70_0_0",TRUE
"ANTIUKO AMA","Ondarroa","ARRASTRE DE FONDO EN ZONAS CIEM VB, VI,VII Y VIIIABDE",538012,2020-09-20,21,9,2020,"27.8.abde","OTB_DEF_>=70_0_0",7292.09,0,805.35,65.5,8162.94,0.89,0.01,0,0.1,"OTB_DEF_>=70_0_0",TRUE
"ANTIUKO AMA","Ondarroa","ARRASTRE DE FONDO EN ZONAS CIEM VB, VI,VII Y VIIIABDE",538097,2020-09-23,24,9,2020,"27.8.abde","OTB_DEF_>=70_0_0",10226.67,64,1165.69,240,11696.36,0.87,0.02,0.01,0.1,"OTB_DEF_>=70_0_0",TRUE
"ANTIUKO AMA","Ondarroa","ARRASTRE DE FONDO EN ZONAS CIEM VB, VI,VII Y VIIIABDE",538142,2020-09-27,28,9,2020,"27.8.abde","OTB_DEF_>=70_0_0",6877.12,16,315.5,133.5,7342.12,0.94,0.02,0,0.04,"OTB_DEF_>=70_0_0",TRUE
"ANTIUKO AMA","Ondarroa","ARRASTRE DE FONDO EN ZONAS CIEM VB, VI,VII Y VIIIABDE",538351,2020-10-02,5,10,2020,"27.8.abde","OTB_DEF_>=70_0_0",9401.7,121,1604.72,177.5,11304.92,0.83,0.02,0.01,0.14,"OTB_DEF_>=70_0_0",TRUE
"ANTIUKO AMA","Ondarroa","ARRASTRE DE FONDO EN ZONAS CIEM VB, VI,VII Y VIIIABDE",538623,2020-10-11,12,10,2020,"27.8.abde","OTB_DEF_>=70_0_0",7078.51,184.5,3034.03,1145,11442.04,0.62,0.1,0.02,0.27,"OTB_DEF_>=70_0_0",TRUE
"ANTIUKO AMA","Ondarroa","ARRASTRE DE FONDO EN ZONAS CIEM VB, VI,VII Y VIIIABDE",538803,2020-10-18,19,10,2020,"27.8.abde","OTB_DEF_>=70_0_0",10532.49,207.5,4215.33,332.5,15287.82,0.69,0.02,0.01,0.28,"OTB_DEF_>=70_0_0",TRUE
"ANTIUKO AMA","Ondarroa","ARRASTRE DE FONDO EN ZONAS CIEM VB, VI,VII Y VIIIABDE",539151,2020-10-25,26,10,2020,"27.8.abde","OTB_DEF_>=70_0_0",7515.36,2042,5367.62,1910,16834.98,0.45,0.11,0.12,0.32,"OTB_DEF_>=70_0_0",TRUE
"ANTIUKO AMA","Ondarroa","ARRASTRE DE FONDO EN ZONAS CIEM VB, VI,VII Y VIIIABDE",539379,2020-11-01,2,11,2020,"27.8.abde","OTB_DEF_>=70_0_0",10689.05,239,2173.16,0,13101.21,0.82,0,0.02,0.17,"OTB_DEF_>=70_0_0",TRUE
"ANTIUKO AMA","Ondarroa","ARRASTRE DE FONDO EN ZONAS CIEM VB, VI,VII Y VIIIABDE",539769,2020-11-08,9,11,2020,"27.8.abde","OTB_DEF_>=70_0_0",9699.89,587.5,2019.81,1665,13972.19,0.69,0.12,0.04,0.14,"OTB_DEF_>=70_0_0",TRUE
"ANTIUKO AMA","Ondarroa","ARRASTRE DE FONDO EN ZONAS CIEM VB, VI,VII Y VIIIABDE",540158,2020-11-15,16,11,2020,"27.8.abde","OTB_DEF_>=70_0_0",6747.38,963,2247.58,649,10606.96,0.64,0.06,0.09,0.21,"OTB_DEF_>=70_0_0",TRUE
"ANTIUKO AMA","Ondarroa","ARRASTRE DE FONDO EN ZONAS CIEM VB, VI,VII Y VIIIABDE",552478,2020-11-22,23,11,2020,"27.8.abde","OTB_DEF_>=70_0_0",11984.35,219.5,5524.31,16,17744.15,0.68,0,0.01,0.31,"OTB_DEF_>=70_0_0",TRUE
"ANTIUKO AMA","Ondarroa","ARRASTRE DE FONDO EN ZONAS CIEM VB, VI,VII Y VIIIABDE",552800,2020-11-29,30,11,2020,"27.8.abde","OTB_DEF_>=70_0_0",6023.05,580,2730.49,391,9724.55,0.62,0.04,0.06,0.28,"OTB_DEF_>=70_0_0",TRUE
"ANTIUKO AMA","Ondarroa","ARRASTRE DE FONDO EN ZONAS CIEM VB, VI,VII Y VIIIABDE",553021,2020-12-06,7,12,2020,"27.8.abde","OTB_DEF_>=70_0_0",4858.32,1165,2868.23,778.5,9670.06,0.5,0.08,0.12,0.3,"OTB_DEF_>=70_0_0",TRUE
"ANTIUKO AMA","Ondarroa","ARRASTRE DE FONDO EN ZONAS CIEM VB, VI,VII Y VIIIABDE",553112,2020-12-13,14,12,2020,"27.8.abde","OTB_DEF_>=70_0_0",4468.46,3644.5,3194.7,210.5,11518.16,0.39,0.02,0.32,0.28,"OTB_MCF_>=70_0_0",FALSE
"ANTIUKO AMA","Ondarroa","ARRASTRE DE FONDO EN ZONAS CIEM VB, VI,VII Y VIIIABDE",553334,2020-12-20,21,12,2020,"27.8.abde","OTB_DEF_>=70_0_0",8411.76,1632,1936.64,59.5,12039.9,0.7,0,0.14,0.16,"OTB_DEF_>=70_0_0",TRUE
"ASTISOL","Santander","ARRASTRE DE FONDO EN ZONAS CIEM VB, VI,VII Y VIIIABDE",531568,2020-03-09,10,3,2020,"27.8.abde","OTB_DEF_>=70_0_0",81.4,3.5,12.25,9537,9634.15,0.01,0.99,0,0,"OTB_SPF_>=70_0_0",FALSE
"EGUZKI LORE","Ondarroa","ARRASTRE DE FONDO EN ZONAS CIEM VB, VI,VII Y VIIIABDE",530295,2020-01-06,7,1,2020,"27.8.abde","OTB_DEF_>=70_0_0",9287.19,2266.4,2382.33,0,13935.92,0.67,0,0.16,0.17,"OTB_DEF_>=70_0_0",TRUE
"EGUZKI LORE","Ondarroa","ARRASTRE DE FONDO EN ZONAS CIEM VB, VI,VII Y VIIIABDE",530452,2020-01-12,13,1,2020,"27.8.abde","OTB_DEF_>=70_0_0",7163.71,1124.8,1728.58,419,10436.09,0.69,0.04,0.11,0.17,"OTB_DEF_>=70_0_0",TRUE
"EGUZKI LORE","Ondarroa","ARRASTRE DE FONDO EN ZONAS CIEM VB, VI,VII Y VIIIABDE",530583,2020-01-19,20,1,2020,"27.8.abde","OTB_DEF_>=70_0_0",14269.44,2523.7,2930.17,45.6,19768.9,0.72,0,0.13,0.15,"OTB_DEF_>=70_0_0",TRUE
"EGUZKI LORE","Ondarroa","ARRASTRE DE FONDO EN ZONAS CIEM VB, VI,VII Y VIIIABDE",530669,2020-01-26,27,1,2020,"27.8.abde","OTB_DEF_>=70_0_0",9240.02,2962.9,1747.26,42.7,13992.87,0.66,0,0.21,0.12,"OTB_DEF_>=70_0_0",TRUE
"EGUZKI LORE","Ondarroa","ARRASTRE DE FONDO EN ZONAS CIEM VB, VI,VII Y VIIIABDE",530769,2020-02-02,3,2,2020,"27.8.abde","OTB_DEF_>=70_0_0",10181.7,2236.2,1544.24,634.9,14597.04,0.7,0.04,0.15,0.11,"OTB_DEF_>=70_0_0",TRUE
"EGUZKI LORE","Ondarroa","ARRASTRE DE FONDO EN ZONAS CIEM VB, VI,VII Y VIIIABDE",530834,2020-02-05,6,2,2020,"27.8.abde","OTB_DEF_>=70_0_0",3578.5,734.6,458.8,840,5611.9,0.64,0.15,0.13,0.08,"OTB_DEF_>=70_0_0",TRUE
"EGUZKI LORE","Ondarroa","ARRASTRE DE FONDO EN ZONAS CIEM VB, VI,VII Y VIIIABDE",530880,2020-02-09,10,2,2020,"27.8.abde","OTB_DEF_>=70_0_0",4770.02,606.8,1257.17,1386,8019.99,0.59,0.17,0.08,0.16,"OTB_DEF_>=70_0_0",TRUE
"EGUZKI LORE","Ondarroa","ARRASTRE DE FONDO EN ZONAS CIEM VB, VI,VII Y VIIIABDE",530994,2020-02-16,17,2,2020,"27.8.abde","OTB_DEF_>=70_0_0",9527.38,1060.8,1645.07,782,13015.25,0.73,0.06,0.08,0.13,"OTB_DEF_>=70_0_0",TRUE
"EGUZKI LORE","Ondarroa","ARRASTRE DE FONDO EN ZONAS CIEM VB, VI,VII Y VIIIABDE",531147,2020-02-23,24,2,2020,"27.8.abde","OTB_DEF_>=70_0_0",8953.31,844.6,2505.85,258,12561.76,0.71,0.02,0.07,0.2,"OTB_DEF_>=70_0_0",TRUE
"EGUZKI LORE","Ondarroa","ARRASTRE DE FONDO EN ZONAS CIEM VB, VI,VII Y VIIIABDE",531329,2020-03-01,2,3,2020,"27.8.abde","OTB_DEF_>=70_0_0",12166.22,1276.8,1685.11,5147,20275.13,0.6,0.25,0.06,0.08,"OTB_DEF_>=70_0_0",TRUE
"EGUZKI LORE","Ondarroa","ARRASTRE DE FONDO EN ZONAS CIEM VB, VI,VII Y VIIIABDE",531428,2020-03-05,5,3,2020,"27.8.abde","OTB_DEF_>=70_0_0",2135.65,264.6,238.87,30950,33589.11,0.06,0.92,0.01,0.01,"OTB_SPF_>=70_0_0",FALSE
"EGUZKI LORE","Ondarroa","ARRASTRE DE FONDO EN ZONAS CIEM VB, VI,VII Y VIIIABDE",531494,2020-03-05,6,3,2020,"27.8.abde","OTB_DEF_>=70_0_0",0,0,0,20285,20285,0,1,0,0,"OTB_SPF_>=70_0_0",FALSE
"EGUZKI LORE","Ondarroa","ARRASTRE DE FONDO EN ZONAS CIEM VB, VI,VII Y VIIIABDE",531514,2020-03-08,8,3,2020,"27.8.abde","OTB_DEF_>=70_0_0",44.37,0,0,30202,30246.37,0,1,0,0,"OTB_SPF_>=70_0_0",FALSE
"EGUZKI LORE","Ondarroa","ARRASTRE DE FONDO EN ZONAS CIEM VB, VI,VII Y VIIIABDE",531525,2020-03-08,9,3,2020,"27.8.abde","OTB_DEF_>=70_0_0",153.94,0,478.6,29880,30512.55,0.01,0.98,0,0.02,"OTB_SPF_>=70_0_0",FALSE
"EGUZKI LORE","Ondarroa","ARRASTRE DE FONDO EN ZONAS CIEM VB, VI,VII Y VIIIABDE",531575,2020-03-09,10,3,2020,"27.8.abde","OTB_DEF_>=70_0_0",124.63,0,17,35221.4,35363.03,0,1,0,0,"OTB_SPF_>=70_0_0",FALSE
"EGUZKI LORE","Ondarroa","ARRASTRE DE FONDO EN ZONAS CIEM VB, VI,VII Y VIIIABDE",532031,2020-03-15,16,3,2020,"27.8.abde","OTB_DEF_>=70_0_0",11988.66,1517.3,2589.88,2355,18450.84,0.65,0.13,0.08,0.14,"OTB_DEF_>=70_0_0",TRUE
"EGUZKI LORE","Ondarroa","ARRASTRE DE FONDO EN ZONAS CIEM VB, VI,VII Y VIIIABDE",532545,2020-03-22,23,3,2020,"27.8.abde","OTB_DEF_>=70_0_0",7325.21,856,1604.54,1345.8,11131.55,0.66,0.12,0.08,0.14,"OTB_DEF_>=70_0_0",TRUE
"EGUZKI LORE","Ondarroa","ARRASTRE DE FONDO EN ZONAS CIEM VB, VI,VII Y VIIIABDE",532941,2020-03-27,30,3,2020,"27.8.abde","OTB_DEF_>=70_0_0",3722.54,439.4,731.26,32.2,4925.4,0.76,0.01,0.09,0.15,"OTB_DEF_>=70_0_0",TRUE
"EGUZKI LORE","Ondarroa","ARRASTRE DE FONDO EN ZONAS CIEM VB, VI,VII Y VIIIABDE",533295,2020-04-05,6,4,2020,"27.8.abde","OTB_DEF_>=70_0_0",7716.81,331,2355.87,115.6,10519.28,0.73,0.01,0.03,0.22,"OTB_DEF_>=70_0_0",TRUE
"EGUZKI LORE","Ondarroa","ARRASTRE DE FONDO EN ZONAS CIEM VB, VI,VII Y VIIIABDE",533410,2020-04-12,13,4,2020,"27.8.abde","OTB_DEF_>=70_0_0",6107.75,237,3119.48,500.9,9965.13,0.61,0.05,0.02,0.31,"OTB_DEF_>=70_0_0",TRUE
"EGUZKI LORE","Ondarroa","ARRASTRE DE FONDO EN ZONAS CIEM VB, VI,VII Y VIIIABDE",533674,2020-04-19,20,4,2020,"27.8.abde","OTB_DEF_>=70_0_0",6076,112.5,1655.39,1158.9,9002.79,0.67,0.13,0.01,0.18,"OTB_DEF_>=70_0_0",TRUE
"EGUZKI LORE","Ondarroa","ARRASTRE DE FONDO EN ZONAS CIEM VB, VI,VII Y VIIIABDE",534012,2020-04-26,27,4,2020,"27.8.abde","OTB_DEF_>=70_0_0",7903.72,333.6,1864.04,5189.9,15291.25,0.52,0.34,0.02,0.12,"OTB_DEF_>=70_0_0",TRUE
"EGUZKI LORE","Ondarroa","ARRASTRE DE FONDO EN ZONAS CIEM VB, VI,VII Y VIIIABDE",534269,2020-05-03,4,5,2020,"27.8.abde","OTB_DEF_>=70_0_0",2400.14,11,481.5,2439.9,5332.55,0.45,0.46,0,0.09,"OTB_DEF_>=70_0_0",TRUE
"EGUZKI LORE","Ondarroa","ARRASTRE DE FONDO EN ZONAS CIEM VB, VI,VII Y VIIIABDE",534518,2020-05-10,11,5,2020,"27.8.abde","OTB_DEF_>=70_0_0",9475.47,143.5,1325.52,4267,15211.49,0.62,0.28,0.01,0.09,"OTB_DEF_>=70_0_0",TRUE
"EGUZKI LORE","Ondarroa","ARRASTRE DE FONDO EN ZONAS CIEM VB, VI,VII Y VIIIABDE",534716,2020-05-17,18,5,2020,"27.8.abde","OTB_DEF_>=70_0_0",6743.81,1921.8,1226.02,3232.7,13124.34,0.51,0.25,0.15,0.09,"OTB_DEF_>=70_0_0",TRUE
"EGUZKI LORE","Ondarroa","ARRASTRE DE FONDO EN ZONAS CIEM VB, VI,VII Y VIIIABDE",534934,2020-05-24,25,5,2020,"27.8.abde","OTB_DEF_>=70_0_0",10429.13,149.1,1928.53,4182.3,16689.06,0.62,0.25,0.01,0.12,"OTB_DEF_>=70_0_0",TRUE
"EGUZKI LORE","Ondarroa","ARRASTRE DE FONDO EN ZONAS CIEM VB, VI,VII Y VIIIABDE",535145,2020-05-31,1,6,2020,"27.8.abde","OTB_DEF_>=70_0_0",7175.45,54.8,1512.85,2988.8,11731.9,0.61,0.25,0,0.13,"OTB_DEF_>=70_0_0",TRUE
"EGUZKI LORE","Ondarroa","ARRASTRE DE FONDO EN ZONAS CIEM VB, VI,VII Y VIIIABDE",535326,2020-06-07,8,6,2020,"27.8.abde","OTB_DEF_>=70_0_0",7725.01,162.7,1021.49,5169,14078.2,0.55,0.37,0.01,0.07,"OTB_DEF_>=70_0_0",TRUE
"EGUZKI LORE","Ondarroa","ARRASTRE DE FONDO EN ZONAS CIEM VB, VI,VII Y VIIIABDE",535487,2020-06-14,15,6,2020,"27.8.abde","OTB_DEF_>=70_0_0",15147.78,157.4,830.1,1186.5,17321.78,0.87,0.07,0.01,0.05,"OTB_DEF_>=70_0_0",TRUE
"EGUZKI LORE","Ondarroa","ARRASTRE DE FONDO EN ZONAS CIEM VB, VI,VII Y VIIIABDE",535654,2020-06-21,22,6,2020,"27.8.abde","OTB_DEF_>=70_0_0",5979.45,60.5,4128.89,2633.8,12802.64,0.47,0.21,0,0.32,"OTB_DEF_>=70_0_0",TRUE
"EGUZKI LORE","Ondarroa","ARRASTRE DE FONDO EN ZONAS CIEM VB, VI,VII Y VIIIABDE",535854,2020-06-28,29,6,2020,"27.8.abde","OTB_DEF_>=70_0_0",6622.92,54.6,2015.9,1472.6,10166.02,0.65,0.14,0.01,0.2,"OTB_DEF_>=70_0_0",TRUE
"EGUZKI LORE","Ondarroa","ARRASTRE DE FONDO EN ZONAS CIEM VB, VI,VII Y VIIIABDE",537510,2020-08-30,31,8,2020,"27.8.abde","OTB_DEF_>=70_0_0",3491.35,0,461.36,3384.8,7337.51,0.48,0.46,0,0.06,"OTB_DEF_>=70_0_0",TRUE
"EGUZKI LORE","Ondarroa","ARRASTRE DE FONDO EN ZONAS CIEM VB, VI,VII Y VIIIABDE",537656,2020-09-06,7,9,2020,"27.8.abde","OTB_DEF_>=70_0_0",9196.29,20.3,942.98,630.6,10790.16,0.85,0.06,0,0.09,"OTB_DEF_>=70_0_0",TRUE
"EGUZKI LORE","Ondarroa","ARRASTRE DE FONDO EN ZONAS CIEM VB, VI,VII Y VIIIABDE",537818,2020-09-13,14,9,2020,"27.8.abde","OTB_DEF_>=70_0_0",11238.59,11.7,1264.8,750.7,13265.79,0.85,0.06,0,0.1,"OTB_DEF_>=70_0_0",TRUE
"EGUZKI LORE","Ondarroa","ARRASTRE DE FONDO EN ZONAS CIEM VB, VI,VII Y VIIIABDE",538011,2020-09-20,21,9,2020,"27.8.abde","OTB_DEF_>=70_0_0",7913.47,17.3,2136.52,652.6,10719.89,0.74,0.06,0,0.2,"OTB_DEF_>=70_0_0",TRUE
"EGUZKI LORE","Ondarroa","ARRASTRE DE FONDO EN ZONAS CIEM VB, VI,VII Y VIIIABDE",538149,2020-09-27,28,9,2020,"27.8.abde","OTB_DEF_>=70_0_0",4999.15,0,515.13,112.3,5626.58,0.89,0.02,0,0.09,"OTB_DEF_>=70_0_0",TRUE
"EGUZKI LORE","Ondarroa","ARRASTRE DE FONDO EN ZONAS CIEM VB, VI,VII Y VIIIABDE",538394,2020-10-02,5,10,2020,"27.8.abde","OTB_DEF_>=70_0_0",5027.41,11.5,1491.64,422.5,6953.05,0.72,0.06,0,0.21,"OTB_DEF_>=70_0_0",TRUE
"EGUZKI LORE","Ondarroa","ARRASTRE DE FONDO EN ZONAS CIEM VB, VI,VII Y VIIIABDE",538561,2020-10-11,12,10,2020,"27.8.abde","OTB_DEF_>=70_0_0",14059.95,497.7,2205.88,8,16771.53,0.84,0,0.03,0.13,"OTB_DEF_>=70_0_0",TRUE
"EGUZKI LORE","Ondarroa","ARRASTRE DE FONDO EN ZONAS CIEM VB, VI,VII Y VIIIABDE",538836,2020-10-18,19,10,2020,"27.8.abde","OTB_DEF_>=70_0_0",10587.23,211.6,786.92,445.1,12030.85,0.88,0.04,0.02,0.07,"OTB_DEF_>=70_0_0",TRUE
"EGUZKI LORE","Ondarroa","ARRASTRE DE FONDO EN ZONAS CIEM VB, VI,VII Y VIIIABDE",539177,2020-10-25,26,10,2020,"27.8.abde","OTB_DEF_>=70_0_0",9893.09,50.3,1651.53,0,11594.93,0.85,0,0,0.14,"OTB_DEF_>=70_0_0",TRUE
"EGUZKI LORE","Ondarroa","ARRASTRE DE FONDO EN ZONAS CIEM VB, VI,VII Y VIIIABDE",539378,2020-11-01,2,11,2020,"27.8.abde","OTB_DEF_>=70_0_0",14435.51,137.8,1490.2,0,16063.51,0.9,0,0.01,0.09,"OTB_DEF_>=70_0_0",TRUE
"EGUZKI LORE","Ondarroa","ARRASTRE DE FONDO EN ZONAS CIEM VB, VI,VII Y VIIIABDE",539795,2020-11-08,9,11,2020,"27.8.abde","OTB_DEF_>=70_0_0",11895.12,172.8,1798.96,26.6,13893.48,0.86,0,0.01,0.13,"OTB_DEF_>=70_0_0",TRUE
"EGUZKI LORE","Ondarroa","ARRASTRE DE FONDO EN ZONAS CIEM VB, VI,VII Y VIIIABDE",552165,2020-11-15,16,11,2020,"27.8.abde","OTB_DEF_>=70_0_0",10266.27,1136.1,3524.55,160.2,15087.12,0.68,0.01,0.08,0.23,"OTB_DEF_>=70_0_0",TRUE
"EGUZKI LORE","Ondarroa","ARRASTRE DE FONDO EN ZONAS CIEM VB, VI,VII Y VIIIABDE",552559,2020-11-22,23,11,2020,"27.8.abde","OTB_DEF_>=70_0_0",8575.93,71.2,2900.42,0,11547.55,0.74,0,0.01,0.25,"OTB_DEF_>=70_0_0",TRUE
"EGUZKI LORE","Ondarroa","ARRASTRE DE FONDO EN ZONAS CIEM VB, VI,VII Y VIIIABDE",552799,2020-11-29,30,11,2020,"27.8.abde","OTB_DEF_>=70_0_0",9699.15,1256,3642.16,0,14597.32,0.66,0,0.09,0.25,"OTB_DEF_>=70_0_0",TRUE
"EGUZKI LORE","Ondarroa","ARRASTRE DE FONDO EN ZONAS CIEM VB, VI,VII Y VIIIABDE",553039,2020-12-05,7,12,2020,"27.8.abde","OTB_DEF_>=70_0_0",4237.33,57.8,2040.86,27.7,6363.69,0.67,0,0.01,0.32,"OTB_DEF_>=70_0_0",TRUE
"EGUZKI LORE","Ondarroa","ARRASTRE DE FONDO EN ZONAS CIEM VB, VI,VII Y VIIIABDE",553132,2020-12-13,14,12,2020,"27.8.abde","OTB_DEF_>=70_0_0",8550.88,2767.1,3397.01,0,14714.99,0.58,0,0.19,0.23,"OTB_DEF_>=70_0_0",TRUE
"EGUZKI LORE","Ondarroa","ARRASTRE DE FONDO EN ZONAS CIEM VB, VI,VII Y VIIIABDE",553333,2020-12-20,21,12,2020,"27.8.abde","OTB_DEF_>=70_0_0",12440.41,1236.2,3688.14,0,17364.75,0.72,0,0.07,0.21,"OTB_DEF_>=70_0_0",TRUE
"EGUZKI LORE","Ondarroa","ARRASTRE DE FONDO EN ZONAS CIEM VB, VI,VII Y VIIIABDE",553517,2020-12-23,28,12,2020,"27.8.abde","OTB_DEF_>=70_0_0",3177.89,101.2,1427.07,0,4706.16,0.68,0,0.02,0.3,"OTB_DEF_>=70_0_0",TRUE
"ELEUTERIO JOSE BALAYO","Aviles","ARRASTRE DE FONDO EN CANTABRICO NW",531433,2020-03-05,5,3,2020,"27.8.c","OTB_DEF_>=55_0_0",41.81,0,0,28368.3,28410.11,0,1,0,0,"OTB_SPF_>=55_0_0",FALSE
"ELEUTERIO JOSE BALAYO","Aviles","ARRASTRE DE FONDO EN CANTABRICO NW",531490,2020-03-05,6,3,2020,"27.8.c","OTB_DEF_>=55_0_0",0,0,0,7362,7362,0,1,0,0,"OTB_SPF_>=55_0_0",FALSE
"ELEUTERIO JOSE BALAYO","Aviles","ARRASTRE DE FONDO EN CANTABRICO NW",531501,2020-03-08,9,3,2020,"27.8.c","OTB_DEF_>=55_0_0",718.22,0,437.85,13872,15028.07,0.05,0.92,0,0.03,"OTB_SPF_>=55_0_0",FALSE
"ELEUTERIO JOSE BALAYO","Aviles","ARRASTRE DE FONDO EN CANTABRICO NW",531536,2020-03-09,10,3,2020,"27.8.c","OTB_DEF_>=55_0_0",106.02,1.5,24.68,10905.7,11037.9,0.01,0.99,0,0,"OTB_SPF_>=55_0_0",FALSE
"ELEUTERIO JOSE BALAYO","Aviles","ARRASTRE DE FONDO EN CANTABRICO NW",534826,2020-05-20,21,5,2020,"27.8.c","OTB_DEF_>=55_0_0",221.15,3,21.25,13048.4,13293.8,0.02,0.98,0,0,"OTB_SPF_>=55_0_0",FALSE
"ELEUTERIO JOSE BALAYO","Aviles","ARRASTRE DE FONDO EN CANTABRICO NW",534950,2020-05-25,26,5,2020,"27.8.c","OTB_DEF_>=55_0_0",250.06,0,4,6279.8,6533.86,0.04,0.96,0,0,"OTB_SPF_>=55_0_0",FALSE
"ELEUTERIO JOSE BALAYO","Aviles","ARRASTRE DE FONDO EN CANTABRICO NW",534987,2020-05-26,27,5,2020,"27.8.c","OTB_DEF_>=55_0_0",415.84,7.5,7,7081.5,7511.84,0.06,0.94,0,0,"OTB_SPF_>=55_0_0",FALSE
"ELEUTERIO JOSE BALAYO","Aviles","ARRASTRE DE FONDO EN CANTABRICO NW",535020,2020-05-28,28,5,2020,"27.8.c","OTB_DEF_>=55_0_0",458.59,5.3,54.25,5452,5970.14,0.08,0.91,0,0.01,"OTB_SPF_>=55_0_0",FALSE
"ELEUTERIO JOSE BALAYO","Aviles","ARRASTRE DE FONDO EN CANTABRICO NW",535067,2020-05-28,29,5,2020,"27.8.c","OTB_DEF_>=55_0_0",360.3,8.3,4.4,3910.5,4283.5,0.08,0.91,0,0,"OTB_SPF_>=55_0_0",FALSE
"ELEUTERIO JOSE BALAYO","Aviles","ARRASTRE DE FONDO EN CANTABRICO NW",535171,2020-06-01,2,6,2020,"27.8.c","OTB_DEF_>=55_0_0",407.79,19.7,70.2,2855.3,3352.99,0.12,0.85,0.01,0.02,"OTB_DEF_>=55_0_0",TRUE
"ELEUTERIO JOSE BALAYO","Aviles","ARRASTRE DE FONDO EN CANTABRICO NW",535203,2020-06-02,3,6,2020,"27.8.c","OTB_DEF_>=55_0_0",412.26,6.5,105.27,3279,3803.03,0.11,0.86,0,0.03,"OTB_DEF_>=55_0_0",TRUE
"ELEUTERIO JOSE BALAYO","Aviles","ARRASTRE DE FONDO EN CANTABRICO NW",535241,2020-06-03,4,6,2020,"27.8.c","OTB_DEF_>=55_0_0",472.7,4.1,4.8,1037,1518.6,0.31,0.68,0,0,"OTB_DEF_>=55_0_0",TRUE
"ELEUTERIO JOSE BALAYO","Aviles","ARRASTRE DE FONDO EN CANTABRICO NW",535276,2020-06-04,5,6,2020,"27.8.c","OTB_DEF_>=55_0_0",144.69,1.8,8.68,2672.8,2827.97,0.05,0.95,0,0,"OTB_SPF_>=55_0_0",FALSE
"ELEUTERIO JOSE BALAYO","Aviles","ARRASTRE DE FONDO EN CANTABRICO NW",535336,2020-06-08,9,6,2020,"27.8.c","OTB_DEF_>=55_0_0",148.77,6.5,12.25,2001.4,2168.92,0.07,0.92,0,0.01,"OTB_SPF_>=55_0_0",FALSE
"GURE GASKUNA","Ondarroa","ARRASTRE DE FONDO EN ZONAS CIEM VB, VI,VII Y VIIIABDE",530302,2020-01-06,7,1,2020,"27.8.abde","OTB_DEF_>=70_0_0",6711.82,576.5,2421.29,0,9709.61,0.69,0,0.06,0.25,"OTB_DEF_>=70_0_0",TRUE
"GURE GASKUNA","Ondarroa","ARRASTRE DE FONDO EN ZONAS CIEM VB, VI,VII Y VIIIABDE",530458,2020-01-12,13,1,2020,"27.8.abde","OTB_DEF_>=70_0_0",8666.09,1111.2,3715.08,78.1,13570.48,0.64,0.01,0.08,0.27,"OTB_DEF_>=70_0_0",TRUE
"GURE GASKUNA","Ondarroa","ARRASTRE DE FONDO EN ZONAS CIEM VB, VI,VII Y VIIIABDE",530588,2020-01-19,20,1,2020,"27.8.abde","OTB_DEF_>=70_0_0",8673.25,595.6,3837.24,20.8,13126.89,0.66,0,0.05,0.29,"OTB_DEF_>=70_0_0",TRUE
"GURE GASKUNA","Ondarroa","ARRASTRE DE FONDO EN ZONAS CIEM VB, VI,VII Y VIIIABDE",530674,2020-01-26,27,1,2020,"27.8.abde","OTB_DEF_>=70_0_0",11861.72,1085,2831.49,254.8,16033.01,0.74,0.02,0.07,0.18,"OTB_DEF_>=70_0_0",TRUE
"GURE GASKUNA","Ondarroa","ARRASTRE DE FONDO EN ZONAS CIEM VB, VI,VII Y VIIIABDE",530774,2020-02-02,3,2,2020,"27.8.abde","OTB_DEF_>=70_0_0",7332.82,458.9,5679.33,402.5,13873.55,0.53,0.03,0.03,0.41,"OTB_DEF_>=70_0_0",TRUE
"GURE GASKUNA","Ondarroa","ARRASTRE DE FONDO EN ZONAS CIEM VB, VI,VII Y VIIIABDE",530885,2020-02-09,10,2,2020,"27.8.abde","OTB_DEF_>=70_0_0",9387.71,574.8,6222.85,1018.7,17204.06,0.55,0.06,0.03,0.36,"OTB_DEF_>=70_0_0",TRUE
"GURE GASKUNA","Ondarroa","ARRASTRE DE FONDO EN ZONAS CIEM VB, VI,VII Y VIIIABDE",530999,2020-02-16,17,2,2020,"27.8.abde","OTB_DEF_>=70_0_0",8959.1,445.4,4275.52,1507,15187.02,0.59,0.1,0.03,0.28,"OTB_DEF_>=70_0_0",TRUE
"GURE GASKUNA","Ondarroa","ARRASTRE DE FONDO EN ZONAS CIEM VB, VI,VII Y VIIIABDE",531153,2020-02-23,24,2,2020,"27.8.abde","OTB_DEF_>=70_0_0",8101.86,590.7,6334.86,1173.1,16200.53,0.5,0.07,0.04,0.39,"OTB_DEF_>=70_0_0",TRUE
"GURE GASKUNA","Ondarroa","ARRASTRE DE FONDO EN ZONAS CIEM VB, VI,VII Y VIIIABDE",531334,2020-03-01,2,3,2020,"27.8.abde","OTB_DEF_>=70_0_0",2145.71,153,741,0,3039.71,0.71,0,0.05,0.24,"OTB_DEF_>=70_0_0",TRUE
"GURE GASKUNA","Ondarroa","ARRASTRE DE FONDO EN ZONAS CIEM VB, VI,VII Y VIIIABDE",531379,2020-03-04,4,3,2020,"27.8.abde","OTB_DEF_>=70_0_0",283.14,29.5,21.75,13154.4,13488.79,0.02,0.98,0,0,"OTB_SPF_>=70_0_0",FALSE
"GURE GASKUNA","Ondarroa","ARRASTRE DE FONDO EN ZONAS CIEM VB, VI,VII Y VIIIABDE",531463,2020-03-04,5,3,2020,"27.8.abde","OTB_DEF_>=70_0_0",66.07,3.8,23.09,14625.6,14718.56,0,0.99,0,0,"OTB_SPF_>=70_0_0",FALSE
"GURE GASKUNA","Ondarroa","ARRASTRE DE FONDO EN ZONAS CIEM VB, VI,VII Y VIIIABDE",531484,2020-03-05,6,3,2020,"27.8.abde","OTB_DEF_>=70_0_0",178.22,19.4,32.4,18672,18902.02,0.01,0.99,0,0,"OTB_SPF_>=70_0_0",FALSE
"GURE GASKUNA","Ondarroa","ARRASTRE DE FONDO EN ZONAS CIEM VB, VI,VII Y VIIIABDE",531515,2020-03-08,8,3,2020,"27.8.abde","OTB_DEF_>=70_0_0",0,0,0,31827,31827,0,1,0,0,"OTB_SPF_>=70_0_0",FALSE
"GURE GASKUNA","Ondarroa","ARRASTRE DE FONDO EN ZONAS CIEM VB, VI,VII Y VIIIABDE",531529,2020-03-09,9,3,2020,"27.8.abde","OTB_DEF_>=70_0_0",25.33,0,6,23916.8,23948.13,0,1,0,0,"OTB_SPF_>=70_0_0",FALSE
"GURE GASKUNA","Ondarroa","ARRASTRE DE FONDO EN ZONAS CIEM VB, VI,VII Y VIIIABDE",531996,2020-03-15,16,3,2020,"27.8.abde","OTB_DEF_>=70_0_0",7934.71,624.4,3897.93,6609.5,19066.54,0.42,0.35,0.03,0.2,"OTB_DEF_>=70_0_0",TRUE
"GURE GASKUNA","Ondarroa","ARRASTRE DE FONDO EN ZONAS CIEM VB, VI,VII Y VIIIABDE",532467,2020-03-10,10,3,2020,"27.8.abde","OTB_DEF_>=70_0_0",113.07,9,44.9,40696,40862.97,0,1,0,0,"OTB_SPF_>=70_0_0",FALSE
"GURE GASKUNA","Ondarroa","ARRASTRE DE FONDO EN ZONAS CIEM VB, VI,VII Y VIIIABDE",532554,2020-03-22,23,3,2020,"27.8.abde","OTB_DEF_>=70_0_0",11794.4,2419.1,4948.45,751.8,19913.75,0.59,0.04,0.12,0.25,"OTB_DEF_>=70_0_0",TRUE
"GURE GASKUNA","Ondarroa","ARRASTRE DE FONDO EN ZONAS CIEM VB, VI,VII Y VIIIABDE",532978,2020-03-27,30,3,2020,"27.8.abde","OTB_DEF_>=70_0_0",3051.62,522.7,825.16,3345.5,7744.98,0.39,0.43,0.07,0.11,"OTB_DEF_>=70_0_0",TRUE
"GURE GASKUNA","Ondarroa","ARRASTRE DE FONDO EN ZONAS CIEM VB, VI,VII Y VIIIABDE",533417,2020-04-12,13,4,2020,"27.8.abde","OTB_DEF_>=70_0_0",7689.24,31.6,1352.15,0,9072.98,0.85,0,0,0.15,"OTB_DEF_>=70_0_0",TRUE
"GURE GASKUNA","Ondarroa","ARRASTRE DE FONDO EN ZONAS CIEM VB, VI,VII Y VIIIABDE",533641,2020-04-19,20,4,2020,"27.8.abde","OTB_DEF_>=70_0_0",7589.8,27.7,1113.38,1057.5,9788.39,0.78,0.11,0,0.11,"OTB_DEF_>=70_0_0",TRUE
"GURE GASKUNA","Ondarroa","ARRASTRE DE FONDO EN ZONAS CIEM VB, VI,VII Y VIIIABDE",534015,2020-04-26,27,4,2020,"27.8.abde","OTB_DEF_>=70_0_0",7181.15,386,3248.73,1695.1,12510.98,0.57,0.14,0.03,0.26,"OTB_DEF_>=70_0_0",TRUE
"GURE GASKUNA","Ondarroa","ARRASTRE DE FONDO EN ZONAS CIEM VB, VI,VII Y VIIIABDE",534271,2020-05-03,4,5,2020,"27.8.abde","OTB_DEF_>=70_0_0",6217.11,168.6,2038.28,1942.5,10366.49,0.6,0.19,0.02,0.2,"OTB_DEF_>=70_0_0",TRUE
"GURE GASKUNA","Ondarroa","ARRASTRE DE FONDO EN ZONAS CIEM VB, VI,VII Y VIIIABDE",534547,2020-05-10,11,5,2020,"27.8.abde","OTB_DEF_>=70_0_0",7301.89,86.8,1930.26,1402.2,10721.15,0.68,0.13,0.01,0.18,"OTB_DEF_>=70_0_0",TRUE
"GURE GASKUNA","Ondarroa","ARRASTRE DE FONDO EN ZONAS CIEM VB, VI,VII Y VIIIABDE",534718,2020-05-17,18,5,2020,"27.8.abde","OTB_DEF_>=70_0_0",7068.44,88.8,2525.03,2742.3,12424.57,0.57,0.22,0.01,0.2,"OTB_DEF_>=70_0_0",TRUE
"GURE GASKUNA","Ondarroa","ARRASTRE DE FONDO EN ZONAS CIEM VB, VI,VII Y VIIIABDE",534804,2020-05-19,20,5,2020,"27.8.abde","OTB_DEF_>=70_0_0",5278.93,170.7,1006.68,1010.2,7466.5,0.71,0.14,0.02,0.13,"OTB_DEF_>=70_0_0",TRUE
"GURE GASKUNA","Ondarroa","ARRASTRE DE FONDO EN ZONAS CIEM VB, VI,VII Y VIIIABDE",535352,2020-06-04,8,6,2020,"27.7","OTB_DEF_>=70_0_0",12308.93,0,1373.15,0,13682.08,0.9,0,0,0.1,"OTB_DEF_70-99_0_0",FALSE
"GURE GASKUNA","Ondarroa","ARRASTRE DE FONDO EN ZONAS CIEM VB, VI,VII Y VIIIABDE",535490,2020-06-11,15,6,2020,"27.7","OTB_DEF_>=70_0_0",11134.1,0,1186.62,0,12320.72,0.9,0,0,0.1,"OTB_DEF_70-99_0_0",FALSE
"GURE GASKUNA","Ondarroa","ARRASTRE DE FONDO EN ZONAS CIEM VB, VI,VII Y VIIIABDE",535702,2020-06-18,22,6,2020,"27.7","OTB_DEF_>=70_0_0",10093.63,0,949.5,0,11043.12,0.91,0,0,0.09,"OTB_DEF_70-99_0_0",FALSE
"GURE GASKUNA","Ondarroa","ARRASTRE DE FONDO EN ZONAS CIEM VB, VI,VII Y VIIIABDE",535856,2020-06-25,29,6,2020,"27.7","OTB_DEF_>=70_0_0",9636.84,0,723.72,0,10360.55,0.93,0,0,0.07,"OTB_DEF_70-99_0_0",FALSE
"GURE GASKUNA","Ondarroa","ARRASTRE DE FONDO EN ZONAS CIEM VB, VI,VII Y VIIIABDE",536146,2020-07-02,6,7,2020,"27.7","OTB_DEF_>=70_0_0",8485.33,0,556.28,0,9041.61,0.94,0,0,0.06,"OTB_DEF_70-99_0_0",FALSE
"GURE GASKUNA","Ondarroa","ARRASTRE DE FONDO EN ZONAS CIEM VB, VI,VII Y VIIIABDE",536258,2020-07-09,13,7,2020,"27.7","OTB_DEF_>=70_0_0",8955.11,0,694.74,0,9649.85,0.93,0,0,0.07,"OTB_DEF_70-99_0_0",FALSE
"GURE GASKUNA","Ondarroa","ARRASTRE DE FONDO EN ZONAS CIEM VB, VI,VII Y VIIIABDE",536501,2020-07-19,20,7,2020,"27.7","OTB_DEF_>=70_0_0",12507.04,0,958.59,0,13465.63,0.93,0,0,0.07,"OTB_DEF_70-99_0_0",FALSE
"GURE GASKUNA","Ondarroa","ARRASTRE DE FONDO EN ZONAS CIEM VB, VI,VII Y VIIIABDE",538014,2020-09-17,21,9,2020,"27.7","OTB_DEF_>=70_0_0",10425.41,0,292.62,0,10718.03,0.97,0,0,0.03,"OTB_DEF_70-99_0_0",FALSE
"GURE GASKUNA","Ondarroa","ARRASTRE DE FONDO EN ZONAS CIEM VB, VI,VII Y VIIIABDE",538153,2020-09-24,28,9,2020,"27.7","OTB_DEF_>=70_0_0",10384.73,0,268.83,0,10653.57,0.97,0,0,0.03,"OTB_DEF_70-99_0_0",FALSE
"GURE GASKUNA","Ondarroa","ARRASTRE DE FONDO EN ZONAS CIEM VB, VI,VII Y VIIIABDE",538382,2020-10-01,5,10,2020,"27.7","OTB_DEF_>=70_0_0",10228.32,0,549.81,0,10778.12,0.95,0,0,0.05,"OTB_DEF_70-99_0_0",FALSE
"GURE GASKUNA","Ondarroa","ARRASTRE DE FONDO EN ZONAS CIEM VB, VI,VII Y VIIIABDE",538565,2020-10-08,12,10,2020,"27.7","OTB_DEF_>=70_0_0",11755.48,0,376.77,0,12132.25,0.97,0,0,0.03,"OTB_DEF_70-99_0_0",FALSE
"GURE GASKUNA","Ondarroa","ARRASTRE DE FONDO EN ZONAS CIEM VB, VI,VII Y VIIIABDE",538838,2020-10-15,19,10,2020,"27.7","OTB_DEF_>=70_0_0",10496.86,69,1129.74,0,11695.6,0.9,0,0.01,0.1,"OTB_DEF_70-99_0_0",FALSE
"GURE GASKUNA","Ondarroa","ARRASTRE DE FONDO EN ZONAS CIEM VB, VI,VII Y VIIIABDE",539179,2020-10-22,26,10,2020,"27.7","OTB_DEF_>=70_0_0",10662.41,115.1,661.84,0,11439.34,0.93,0,0.01,0.06,"OTB_DEF_70-99_0_0",FALSE
"GURE GASKUNA","Ondarroa","ARRASTRE DE FONDO EN ZONAS CIEM VB, VI,VII Y VIIIABDE",539381,2020-11-01,2,11,2020,"27.8.abde","OTB_DEF_>=70_0_0",10882.67,128.4,3960.95,226.8,15198.82,0.72,0.01,0.01,0.26,"OTB_DEF_>=70_0_0",TRUE
"GURE GASKUNA","Ondarroa","ARRASTRE DE FONDO EN ZONAS CIEM VB, VI,VII Y VIIIABDE",552482,2020-11-22,23,11,2020,"27.8.abde","OTB_DEF_>=70_0_0",12112.84,173.6,6350.75,80.2,18717.39,0.65,0,0.01,0.34,"OTB_DEF_>=70_0_0",TRUE
"GURE GASKUNA","Ondarroa","ARRASTRE DE FONDO EN ZONAS CIEM VB, VI,VII Y VIIIABDE",552802,2020-11-29,30,11,2020,"27.8.abde","OTB_DEF_>=70_0_0",7235.22,162.4,4067.2,0,11464.82,0.63,0,0.01,0.35,"OTB_DEF_>=70_0_0",TRUE
"GURE GASKUNA","Ondarroa","ARRASTRE DE FONDO EN ZONAS CIEM VB, VI,VII Y VIIIABDE",553043,2020-12-05,7,12,2020,"27.8.abde","OTB_DEF_>=70_0_0",6544.45,98.8,582.43,0,7225.68,0.91,0,0.01,0.08,"OTB_DEF_>=70_0_0",TRUE
"GURE GASKUNA","Ondarroa","ARRASTRE DE FONDO EN ZONAS CIEM VB, VI,VII Y VIIIABDE",553134,2020-12-11,14,12,2020,"27.8.abde","OTB_DEF_>=70_0_0",5117.49,121.6,1200.09,0,6439.17,0.79,0,0.02,0.19,"OTB_DEF_>=70_0_0",TRUE
"GURE GASKUNA","Ondarroa","ARRASTRE DE FONDO EN ZONAS CIEM VB, VI,VII Y VIIIABDE",553337,2020-12-20,21,12,2020,"27.8.abde","OTB_DEF_>=70_0_0",12282.48,80.7,2608.88,0,14972.06,0.82,0,0.01,0.17,"OTB_DEF_>=70_0_0",TRUE
"GURE GASKUNA","Ondarroa","ARRASTRE DE FONDO EN ZONAS CIEM VB, VI,VII Y VIIIABDE",553464,2020-12-23,28,12,2020,"27.8.abde","OTB_DEF_>=70_0_0",5736.65,142.1,777.22,0,6655.97,0.86,0,0.02,0.12,"OTB_DEF_>=70_0_0",TRUE
"GURE KANTABRIKO","Ondarroa","ARRASTRE DE FONDO EN ZONAS CIEM VB, VI,VII Y VIIIABDE",530299,2020-01-06,7,1,2020,"27.8.abde","OTB_DEF_>=70_0_0",9163.41,814.6,3081.87,5.6,13065.47,0.7,0,0.06,0.24,"OTB_DEF_>=70_0_0",TRUE
"GURE KANTABRIKO","Ondarroa","ARRASTRE DE FONDO EN ZONAS CIEM VB, VI,VII Y VIIIABDE",530455,2020-01-12,13,1,2020,"27.8.abde","OTB_DEF_>=70_0_0",8596.33,1166.8,3468.09,145.6,13376.82,0.64,0.01,0.09,0.26,"OTB_DEF_>=70_0_0",TRUE
"GURE KANTABRIKO","Ondarroa","ARRASTRE DE FONDO EN ZONAS CIEM VB, VI,VII Y VIIIABDE",530586,2020-01-19,20,1,2020,"27.8.abde","OTB_DEF_>=70_0_0",10735.63,669.8,3031.08,20.7,14457.21,0.74,0,0.05,0.21,"OTB_DEF_>=70_0_0",TRUE
"GURE KANTABRIKO","Ondarroa","ARRASTRE DE FONDO EN ZONAS CIEM VB, VI,VII Y VIIIABDE",530672,2020-01-26,27,1,2020,"27.8.abde","OTB_DEF_>=70_0_0",10561.88,986.2,1955.98,89.1,13593.15,0.78,0.01,0.07,0.14,"OTB_DEF_>=70_0_0",TRUE
"GURE KANTABRIKO","Ondarroa","ARRASTRE DE FONDO EN ZONAS CIEM VB, VI,VII Y VIIIABDE",530772,2020-02-02,3,2,2020,"27.8.abde","OTB_DEF_>=70_0_0",9701.96,1677.4,1696.7,319.5,13395.56,0.72,0.02,0.13,0.13,"OTB_DEF_>=70_0_0",TRUE
"GURE KANTABRIKO","Ondarroa","ARRASTRE DE FONDO EN ZONAS CIEM VB, VI,VII Y VIIIABDE",530883,2020-02-09,10,2,2020,"27.8.abde","OTB_DEF_>=70_0_0",9675.42,677.1,4498.82,1016.8,15868.15,0.61,0.06,0.04,0.28,"OTB_DEF_>=70_0_0",TRUE
"GURE KANTABRIKO","Ondarroa","ARRASTRE DE FONDO EN ZONAS CIEM VB, VI,VII Y VIIIABDE",530997,2020-02-16,17,2,2020,"27.8.abde","OTB_DEF_>=70_0_0",8722.21,485.3,2600.85,1396.7,13205.06,0.66,0.11,0.04,0.2,"OTB_DEF_>=70_0_0",TRUE
"GURE KANTABRIKO","Ondarroa","ARRASTRE DE FONDO EN ZONAS CIEM VB, VI,VII Y VIIIABDE",531151,2020-02-23,24,2,2020,"27.8.abde","OTB_DEF_>=70_0_0",9746.36,439.3,6021.38,888.1,17095.14,0.57,0.05,0.03,0.35,"OTB_DEF_>=70_0_0",TRUE
"GURE KANTABRIKO","Ondarroa","ARRASTRE DE FONDO EN ZONAS CIEM VB, VI,VII Y VIIIABDE",531332,2020-03-01,2,3,2020,"27.8.abde","OTB_DEF_>=70_0_0",6956.29,418.4,1300.19,1298.8,9973.68,0.7,0.13,0.04,0.13,"OTB_DEF_>=70_0_0",TRUE
"GURE KANTABRIKO","Ondarroa","ARRASTRE DE FONDO EN ZONAS CIEM VB, VI,VII Y VIIIABDE",532603,2020-03-20,23,3,2020,"27.6","OTB_DEF_>=70_0_0",12804.55,45.3,4380.54,0,17230.39,0.74,0,0,0.25,"OTB_DEF_100-119_0_0",FALSE
"GURE KANTABRIKO","Ondarroa","ARRASTRE DE FONDO EN ZONAS CIEM VB, VI,VII Y VIIIABDE",532920,2020-03-27,30,3,2020,"27.8.abde","OTB_DEF_>=70_0_0",9016.52,0,779,0,9795.52,0.92,0,0,0.08,"OTB_DEF_>=70_0_0",TRUE
"GURE KANTABRIKO","Ondarroa","ARRASTRE DE FONDO EN ZONAS CIEM VB, VI,VII Y VIIIABDE",532976,2020-03-27,30,3,2020,"27.6","OTB_DEF_>=70_0_0",15988.36,0,3531.44,0,19519.81,0.82,0,0,0.18,"OTB_DEF_100-119_0_0",FALSE
"GURE KANTABRIKO","Ondarroa","ARRASTRE DE FONDO EN ZONAS CIEM VB, VI,VII Y VIIIABDE",533280,2020-04-02,6,4,2020,"27.6","OTB_DEF_>=70_0_0",19812.23,0,3643.14,0,23455.37,0.84,0,0,0.16,"OTB_DEF_100-119_0_0",FALSE
"GURE KANTABRIKO","Ondarroa","ARRASTRE DE FONDO EN ZONAS CIEM VB, VI,VII Y VIIIABDE",533431,2020-04-10,13,4,2020,"27.8.abde","OTB_DEF_>=70_0_0",1206.28,0,0,0,1206.28,1,0,0,0,"OTB_DEF_>=70_0_0",TRUE
"GURE KANTABRIKO","Ondarroa","ARRASTRE DE FONDO EN ZONAS CIEM VB, VI,VII Y VIIIABDE",533451,2020-04-10,13,4,2020,"27.6","OTB_DEF_>=70_0_0",20781.86,0,4434.06,0,25215.92,0.82,0,0,0.18,"OTB_DEF_100-119_0_0",FALSE
"GURE KANTABRIKO","Ondarroa","ARRASTRE DE FONDO EN ZONAS CIEM VB, VI,VII Y VIIIABDE",533607,2020-04-17,20,4,2020,"27.6","OTB_DEF_>=70_0_0",16819.33,0,8874.32,0,25693.65,0.65,0,0,0.35,"OTB_DEF_100-119_0_0",FALSE
"GURE KANTABRIKO","Ondarroa","ARRASTRE DE FONDO EN ZONAS CIEM VB, VI,VII Y VIIIABDE",534014,2020-04-24,27,4,2020,"27.6","OTB_DEF_>=70_0_0",11906.91,0,8674.53,0,20581.44,0.58,0,0,0.42,"OTB_DEF_100-119_0_0",FALSE
"GURE KANTABRIKO","Ondarroa","ARRASTRE DE FONDO EN ZONAS CIEM VB, VI,VII Y VIIIABDE",534239,2020-05-01,4,5,2020,"27.6","OTB_DEF_>=70_0_0",11640.96,0,4697.25,0,16338.21,0.71,0,0,0.29,"OTB_DEF_100-119_0_0",FALSE
"GURE KANTABRIKO","Ondarroa","ARRASTRE DE FONDO EN ZONAS CIEM VB, VI,VII Y VIIIABDE",534452,2020-04-20,20,4,2020,"27.8.abde","OTB_DEF_>=70_0_0",14134.82,0,3732.38,0,17867.2,0.79,0,0,0.21,"OTB_DEF_>=70_0_0",TRUE
"GURE KANTABRIKO","Ondarroa","ARRASTRE DE FONDO EN ZONAS CIEM VB, VI,VII Y VIIIABDE",534477,2020-05-08,11,5,2020,"27.6","OTB_DEF_>=70_0_0",11859.66,0,3001.22,0,14860.88,0.8,0,0,0.2,"OTB_DEF_100-119_0_0",FALSE
"GURE KANTABRIKO","Ondarroa","ARRASTRE DE FONDO EN ZONAS CIEM VB, VI,VII Y VIIIABDE",534693,2020-05-15,18,5,2020,"27.6","OTB_DEF_>=70_0_0",10632.9,0,4056.81,0,14689.71,0.72,0,0,0.28,"OTB_DEF_100-119_0_0",FALSE
"GURE KANTABRIKO","Ondarroa","ARRASTRE DE FONDO EN ZONAS CIEM VB, VI,VII Y VIIIABDE",534935,2020-05-22,25,5,2020,"27.6","OTB_DEF_>=70_0_0",14264.38,0,2229.12,0,16493.5,0.86,0,0,0.14,"OTB_DEF_100-119_0_0",FALSE
"GURE KANTABRIKO","Ondarroa","ARRASTRE DE FONDO EN ZONAS CIEM VB, VI,VII Y VIIIABDE",535111,2020-05-29,1,6,2020,"27.6","OTB_DEF_>=70_0_0",10731.16,0,2421.59,0,13152.75,0.82,0,0,0.18,"OTB_DEF_100-119_0_0",FALSE
"GURE KANTABRIKO","Ondarroa","ARRASTRE DE FONDO EN ZONAS CIEM VB, VI,VII Y VIIIABDE",535313,2020-06-05,8,6,2020,"27.6","OTB_DEF_>=70_0_0",16349.51,0,4239.65,0,20589.17,0.79,0,0,0.21,"OTB_DEF_100-119_0_0",FALSE
"GURE KANTABRIKO","Ondarroa","ARRASTRE DE FONDO EN ZONAS CIEM VB, VI,VII Y VIIIABDE",535489,2020-06-12,15,6,2020,"27.6","OTB_DEF_>=70_0_0",14604.45,0,2300.28,0,16904.73,0.86,0,0,0.14,"OTB_DEF_100-119_0_0",FALSE
"GURE KANTABRIKO","Ondarroa","ARRASTRE DE FONDO EN ZONAS CIEM VB, VI,VII Y VIIIABDE",535642,2020-06-19,22,6,2020,"27.6","OTB_DEF_>=70_0_0",15629.7,0,2627.39,0,18257.09,0.86,0,0,0.14,"OTB_DEF_100-119_0_0",FALSE
"GURE KANTABRIKO","Ondarroa","ARRASTRE DE FONDO EN ZONAS CIEM VB, VI,VII Y VIIIABDE",535855,2020-06-28,29,6,2020,"27.6","OTB_DEF_>=70_0_0",8793.88,0,2043.24,0,10837.12,0.81,0,0,0.19,"OTB_DEF_100-119_0_0",FALSE
"GURE KANTABRIKO","Ondarroa","ARRASTRE DE FONDO EN ZONAS CIEM VB, VI,VII Y VIIIABDE",538013,2020-09-20,21,9,2020,"27.8.abde","OTB_DEF_>=70_0_0",9322.83,54.8,235.87,0,9613.5,0.97,0,0.01,0.02,"OTB_DEF_>=70_0_0",TRUE
"GURE KANTABRIKO","Ondarroa","ARRASTRE DE FONDO EN ZONAS CIEM VB, VI,VII Y VIIIABDE",538151,2020-09-27,28,9,2020,"27.8.abde","OTB_DEF_>=70_0_0",9491.98,30.5,249.53,53.9,9825.91,0.97,0.01,0,0.03,"OTB_DEF_>=70_0_0",TRUE
"GURE KANTABRIKO","Ondarroa","ARRASTRE DE FONDO EN ZONAS CIEM VB, VI,VII Y VIIIABDE",538380,2020-10-02,5,10,2020,"27.8.abde","OTB_DEF_>=70_0_0",6247.15,24,1513.79,186.6,7971.54,0.78,0.02,0,0.19,"OTB_DEF_>=70_0_0",TRUE
"GURE KANTABRIKO","Ondarroa","ARRASTRE DE FONDO EN ZONAS CIEM VB, VI,VII Y VIIIABDE",538563,2020-10-11,12,10,2020,"27.8.abde","OTB_DEF_>=70_0_0",12907.77,269.6,3698.64,792.7,17668.71,0.73,0.04,0.02,0.21,"OTB_DEF_>=70_0_0",TRUE
"GURE KANTABRIKO","Ondarroa","ARRASTRE DE FONDO EN ZONAS CIEM VB, VI,VII Y VIIIABDE",538837,2020-10-18,19,10,2020,"27.8.abde","OTB_DEF_>=70_0_0",14292.76,274.2,1486.92,11.8,16065.68,0.89,0,0.02,0.09,"OTB_DEF_>=70_0_0",TRUE
"GURE KANTABRIKO","Ondarroa","ARRASTRE DE FONDO EN ZONAS CIEM VB, VI,VII Y VIIIABDE",539178,2020-10-25,26,10,2020,"27.8.abde","OTB_DEF_>=70_0_0",8753.42,1507.2,4343.68,525,15129.3,0.58,0.03,0.1,0.29,"OTB_DEF_>=70_0_0",TRUE
"GURE KANTABRIKO","Ondarroa","ARRASTRE DE FONDO EN ZONAS CIEM VB, VI,VII Y VIIIABDE",539380,2020-11-01,2,11,2020,"27.8.abde","OTB_DEF_>=70_0_0",13718.31,61.4,1603.61,0,15383.31,0.89,0,0,0.1,"OTB_DEF_>=70_0_0",TRUE
"GURE KANTABRIKO","Ondarroa","ARRASTRE DE FONDO EN ZONAS CIEM VB, VI,VII Y VIIIABDE",539798,2020-11-08,9,11,2020,"27.8.abde","OTB_DEF_>=70_0_0",11386.76,187.7,1741.63,0,13316.1,0.86,0,0.01,0.13,"OTB_DEF_>=70_0_0",TRUE
"GURE KANTABRIKO","Ondarroa","ARRASTRE DE FONDO EN ZONAS CIEM VB, VI,VII Y VIIIABDE",552216,2020-11-15,16,11,2020,"27.8.abde","OTB_DEF_>=70_0_0",8469.6,420.6,4600.48,83,13573.68,0.62,0.01,0.03,0.34,"OTB_DEF_>=70_0_0",TRUE
"GURE KANTABRIKO","Ondarroa","ARRASTRE DE FONDO EN ZONAS CIEM VB, VI,VII Y VIIIABDE",552480,2020-11-22,23,11,2020,"27.8.abde","OTB_DEF_>=70_0_0",11665.36,137.3,3399.81,0,15202.47,0.77,0,0.01,0.22,"OTB_DEF_>=70_0_0",TRUE
"GURE KANTABRIKO","Ondarroa","ARRASTRE DE FONDO EN ZONAS CIEM VB, VI,VII Y VIIIABDE",552801,2020-11-29,30,11,2020,"27.8.abde","OTB_DEF_>=70_0_0",9713.58,1391.8,4573.85,163.2,15842.44,0.61,0.01,0.09,0.29,"OTB_DEF_>=70_0_0",TRUE
"GURE KANTABRIKO","Ondarroa","ARRASTRE DE FONDO EN ZONAS CIEM VB, VI,VII Y VIIIABDE",553041,2020-12-05,7,12,2020,"27.8.abde","OTB_DEF_>=70_0_0",6947.46,84.8,1004.73,0,8036.99,0.86,0,0.01,0.13,"OTB_DEF_>=70_0_0",TRUE
"GURE KANTABRIKO","Ondarroa","ARRASTRE DE FONDO EN ZONAS CIEM VB, VI,VII Y VIIIABDE",553133,2020-12-11,14,12,2020,"27.8.abde","OTB_DEF_>=70_0_0",7413.7,1401.7,1445.82,86.1,10347.32,0.72,0.01,0.14,0.14,"OTB_DEF_>=70_0_0",TRUE
"GURE KANTABRIKO","Ondarroa","ARRASTRE DE FONDO EN ZONAS CIEM VB, VI,VII Y VIIIABDE",553335,2020-12-20,21,12,2020,"27.8.abde","OTB_DEF_>=70_0_0",16594.55,184.2,4128.65,0,20907.4,0.79,0,0.01,0.2,"OTB_DEF_>=70_0_0",TRUE
"GURE KANTABRIKO","Ondarroa","ARRASTRE DE FONDO EN ZONAS CIEM VB, VI,VII Y VIIIABDE",553557,2020-12-31,4,1,2020,"27.8.abde","OTB_DEF_>=70_0_0",4680.13,197.5,2621.57,0,7499.2,0.62,0,0.03,0.35,"OTB_DEF_>=70_0_0",TRUE
"HERMANOS SAN SALVADOR","Santander","ARRASTRE DE FONDO EN CANTABRICO NW",534560,2020-05-13,13,5,2020,"27.8.c","OTB_DEF_>=55_0_0",61.16,0,0,5820,5881.16,0.01,0.99,0,0,"OTB_SPF_>=55_0_0",FALSE
"HERMANOS SAN SALVADOR","Santander","ARRASTRE DE FONDO EN CANTABRICO NW",535221,2020-06-03,3,6,2020,"27.8.c","OTB_DEF_>=55_0_0",0,0,0,5211,5211,0,1,0,0,"OTB_SPF_>=55_0_0",FALSE
"HERMANOS SAN SALVADOR","Santander","ARRASTRE DE FONDO EN CANTABRICO NW",535367,2020-06-09,9,6,2020,"27.8.c","OTB_DEF_>=55_0_0",154.6,40,0,2850,3044.6,0.05,0.94,0.01,0,"OTB_SPF_>=55_0_0",FALSE
"ILLA DA CREVA","Marin","ARRASTRE DE FONDO EN CANTABRICO NW",534788,2020-05-20,20,5,2020,"27.8.c","OTB_DEF_>=55_0_0",0,0,0,3361,3361,0,1,0,0,"OTB_SPF_>=55_0_0",FALSE
"ILLA DA CREVA","Marin","ARRASTRE DE FONDO EN CANTABRICO NW",540178,2020-11-12,16,11,2020,"27.8.abde","OTB_DEF_>=55_0_0",31.35,1.1,36.02,29,97.46,0.32,0.3,0.01,0.37,"OTB_DEF_>=70_0_0",FALSE
"INTXORTAMENDI","Ondarroa","ARRASTRE DE FONDO EN ZONAS CIEM VB, VI,VII Y VIIIABDE",530288,2020-01-06,7,1,2020,"27.8.abde","OTB_DEF_>=70_0_0",7108.37,282.2,2859.12,16.5,10266.19,0.69,0,0.03,0.28,"OTB_DEF_>=70_0_0",TRUE
"INTXORTAMENDI","Ondarroa","ARRASTRE DE FONDO EN ZONAS CIEM VB, VI,VII Y VIIIABDE",530446,2020-01-12,13,1,2020,"27.8.abde","OTB_DEF_>=70_0_0",7429.7,627,3366.02,41.5,11464.22,0.65,0,0.05,0.29,"OTB_DEF_>=70_0_0",TRUE
"INTXORTAMENDI","Ondarroa","ARRASTRE DE FONDO EN ZONAS CIEM VB, VI,VII Y VIIIABDE",530579,2020-01-19,20,1,2020,"27.8.abde","OTB_DEF_>=70_0_0",9591.6,574,4494.88,78,14738.47,0.65,0.01,0.04,0.3,"OTB_DEF_>=70_0_0",TRUE
"INTXORTAMENDI","Ondarroa","ARRASTRE DE FONDO EN ZONAS CIEM VB, VI,VII Y VIIIABDE",530666,2020-01-26,27,1,2020,"27.8.abde","OTB_DEF_>=70_0_0",10123.56,530,2701.56,367.5,13722.62,0.74,0.03,0.04,0.2,"OTB_DEF_>=70_0_0",TRUE
"INTXORTAMENDI","Ondarroa","ARRASTRE DE FONDO EN ZONAS CIEM VB, VI,VII Y VIIIABDE",530766,2020-02-02,3,2,2020,"27.8.abde","OTB_DEF_>=70_0_0",8499.18,434.2,3132.46,562.5,12628.33,0.67,0.04,0.03,0.25,"OTB_DEF_>=70_0_0",TRUE
"INTXORTAMENDI","Ondarroa","ARRASTRE DE FONDO EN ZONAS CIEM VB, VI,VII Y VIIIABDE",530877,2020-02-09,10,2,2020,"27.8.abde","OTB_DEF_>=70_0_0",9195.94,870.5,3844.27,1358,15268.71,0.6,0.09,0.06,0.25,"OTB_DEF_>=70_0_0",TRUE
"INTXORTAMENDI","Ondarroa","ARRASTRE DE FONDO EN ZONAS CIEM VB, VI,VII Y VIIIABDE",530991,2020-02-16,17,2,2020,"27.8.abde","OTB_DEF_>=70_0_0",9147.19,644,2211.69,1342.5,13345.38,0.69,0.1,0.05,0.17,"OTB_DEF_>=70_0_0",TRUE
"INTXORTAMENDI","Ondarroa","ARRASTRE DE FONDO EN ZONAS CIEM VB, VI,VII Y VIIIABDE",531137,2020-02-23,24,2,2020,"27.8.abde","OTB_DEF_>=70_0_0",10486.35,630.5,4146.16,722.5,15985.52,0.66,0.05,0.04,0.26,"OTB_DEF_>=70_0_0",TRUE
"INTXORTAMENDI","Ondarroa","ARRASTRE DE FONDO EN ZONAS CIEM VB, VI,VII Y VIIIABDE",531323,2020-03-01,2,3,2020,"27.8.abde","OTB_DEF_>=70_0_0",6103.78,396,1344.53,1505.5,9349.81,0.65,0.16,0.04,0.14,"OTB_DEF_>=70_0_0",TRUE
"INTXORTAMENDI","Ondarroa","ARRASTRE DE FONDO EN ZONAS CIEM VB, VI,VII Y VIIIABDE",531462,2020-03-05,5,3,2020,"27.8.abde","OTB_DEF_>=70_0_0",1916.22,138.5,468.88,16285.75,18809.35,0.1,0.87,0.01,0.02,"OTB_SPF_>=70_0_0",FALSE
"INTXORTAMENDI","Ondarroa","ARRASTRE DE FONDO EN ZONAS CIEM VB, VI,VII Y VIIIABDE",531480,2020-03-05,6,3,2020,"27.8.abde","OTB_DEF_>=70_0_0",24.59,0,7,18941,18972.58,0,1,0,0,"OTB_SPF_>=70_0_0",FALSE
"INTXORTAMENDI","Ondarroa","ARRASTRE DE FONDO EN ZONAS CIEM VB, VI,VII Y VIIIABDE",531512,2020-03-07,7,3,2020,"27.8.abde","OTB_DEF_>=70_0_0",0,0,0,20314.5,20314.5,0,1,0,0,"OTB_SPF_>=70_0_0",FALSE
"INTXORTAMENDI","Ondarroa","ARRASTRE DE FONDO EN ZONAS CIEM VB, VI,VII Y VIIIABDE",531521,2020-03-08,9,3,2020,"27.8.abde","OTB_DEF_>=70_0_0",126.11,10,38.2,32453,32627.31,0,0.99,0,0,"OTB_SPF_>=70_0_0",FALSE
"INTXORTAMENDI","Ondarroa","ARRASTRE DE FONDO EN ZONAS CIEM VB, VI,VII Y VIIIABDE",531569,2020-03-09,10,3,2020,"27.8.abde","OTB_DEF_>=70_0_0",51.07,0,5.5,33120,33176.57,0,1,0,0,"OTB_SPF_>=70_0_0",FALSE
"INTXORTAMENDI","Ondarroa","ARRASTRE DE FONDO EN ZONAS CIEM VB, VI,VII Y VIIIABDE",531984,2020-03-15,16,3,2020,"27.8.abde","OTB_DEF_>=70_0_0",8373.78,806,2623.8,1507.5,13311.08,0.63,0.11,0.06,0.2,"OTB_DEF_>=70_0_0",TRUE
"INTXORTAMENDI","Ondarroa","ARRASTRE DE FONDO EN ZONAS CIEM VB, VI,VII Y VIIIABDE",532536,2020-03-22,23,3,2020,"27.8.abde","OTB_DEF_>=70_0_0",10427.93,1556.7,3630.34,1292.5,16907.46,0.62,0.08,0.09,0.21,"OTB_DEF_>=70_0_0",TRUE
"INTXORTAMENDI","Ondarroa","ARRASTRE DE FONDO EN ZONAS CIEM VB, VI,VII Y VIIIABDE",533291,2020-04-05,6,4,2020,"27.8.abde","OTB_DEF_>=70_0_0",9187.67,331,1486.04,1263.5,12268.21,0.75,0.1,0.03,0.12,"OTB_DEF_>=70_0_0",TRUE
"INTXORTAMENDI","Ondarroa","ARRASTRE DE FONDO EN ZONAS CIEM VB, VI,VII Y VIIIABDE",533403,2020-04-12,13,4,2020,"27.8.abde","OTB_DEF_>=70_0_0",7918.96,521.5,2958.13,2399,13797.59,0.57,0.17,0.04,0.21,"OTB_DEF_>=70_0_0",TRUE
"INTXORTAMENDI","Ondarroa","ARRASTRE DE FONDO EN ZONAS CIEM VB, VI,VII Y VIIIABDE",533673,2020-04-19,20,4,2020,"27.8.abde","OTB_DEF_>=70_0_0",6478.46,151.5,1697.08,1128,9455.04,0.69,0.12,0.02,0.18,"OTB_DEF_>=70_0_0",TRUE
"INTXORTAMENDI","Ondarroa","ARRASTRE DE FONDO EN ZONAS CIEM VB, VI,VII Y VIIIABDE",534084,2020-04-26,27,4,2020,"27.8.abde","OTB_DEF_>=70_0_0",7828.6,316,2057.03,1460,11661.62,0.67,0.13,0.03,0.18,"OTB_DEF_>=70_0_0",TRUE
"INTXORTAMENDI","Ondarroa","ARRASTRE DE FONDO EN ZONAS CIEM VB, VI,VII Y VIIIABDE",534268,2020-05-03,4,5,2020,"27.8.abde","OTB_DEF_>=70_0_0",7485.59,180.5,1295.47,2269,11230.56,0.67,0.2,0.02,0.12,"OTB_DEF_>=70_0_0",TRUE
"INTXORTAMENDI","Ondarroa","ARRASTRE DE FONDO EN ZONAS CIEM VB, VI,VII Y VIIIABDE",534514,2020-05-10,11,5,2020,"27.8.abde","OTB_DEF_>=70_0_0",7933.62,169,1921.02,2602,12625.63,0.63,0.21,0.01,0.15,"OTB_DEF_>=70_0_0",TRUE
"INTXORTAMENDI","Ondarroa","ARRASTRE DE FONDO EN ZONAS CIEM VB, VI,VII Y VIIIABDE",534711,2020-05-17,18,5,2020,"27.8.abde","OTB_DEF_>=70_0_0",9372.66,153,2328.61,2941,14795.27,0.63,0.2,0.01,0.16,"OTB_DEF_>=70_0_0",TRUE
"INTXORTAMENDI","Ondarroa","ARRASTRE DE FONDO EN ZONAS CIEM VB, VI,VII Y VIIIABDE",534932,2020-05-24,25,5,2020,"27.8.abde","OTB_DEF_>=70_0_0",11442.82,165.5,3105.82,2227,16941.15,0.68,0.13,0.01,0.18,"OTB_DEF_>=70_0_0",TRUE
"INTXORTAMENDI","Ondarroa","ARRASTRE DE FONDO EN ZONAS CIEM VB, VI,VII Y VIIIABDE",535143,2020-05-31,1,6,2020,"27.8.abde","OTB_DEF_>=70_0_0",13113.61,51.5,2579.37,874.5,16618.99,0.79,0.05,0,0.16,"OTB_DEF_>=70_0_0",TRUE
"INTXORTAMENDI","Ondarroa","ARRASTRE DE FONDO EN ZONAS CIEM VB, VI,VII Y VIIIABDE",535324,2020-06-07,8,6,2020,"27.8.abde","OTB_DEF_>=70_0_0",10184.09,158,2356.64,3416,16114.73,0.63,0.21,0.01,0.15,"OTB_DEF_>=70_0_0",TRUE
"INTXORTAMENDI","Ondarroa","ARRASTRE DE FONDO EN ZONAS CIEM VB, VI,VII Y VIIIABDE",535482,2020-06-14,15,6,2020,"27.8.abde","OTB_DEF_>=70_0_0",7064.69,179,2822.4,3612.5,13678.59,0.52,0.26,0.01,0.21,"OTB_DEF_>=70_0_0",TRUE
"INTXORTAMENDI","Ondarroa","ARRASTRE DE FONDO EN ZONAS CIEM VB, VI,VII Y VIIIABDE",535653,2020-06-21,22,6,2020,"27.8.abde","OTB_DEF_>=70_0_0",7539.32,151,5992.49,2206.4,15889.21,0.47,0.14,0.01,0.38,"OTB_DEF_>=70_0_0",TRUE
"INTXORTAMENDI","Ondarroa","ARRASTRE DE FONDO EN ZONAS CIEM VB, VI,VII Y VIIIABDE",537342,2020-08-23,24,8,2020,"27.8.abde","OTB_DEF_>=70_0_0",6509.18,0,435.12,1326,8270.3,0.79,0.16,0,0.05,"OTB_DEF_>=70_0_0",TRUE
"INTXORTAMENDI","Ondarroa","ARRASTRE DE FONDO EN ZONAS CIEM VB, VI,VII Y VIIIABDE",537508,2020-08-30,31,8,2020,"27.8.abde","OTB_DEF_>=70_0_0",7369.35,20.5,7383.49,2027.74,16801.08,0.44,0.12,0,0.44,"OTB_DEF_>=70_0_0",TRUE
"INTXORTAMENDI","Ondarroa","ARRASTRE DE FONDO EN ZONAS CIEM VB, VI,VII Y VIIIABDE",537654,2020-09-06,7,9,2020,"27.8.abde","OTB_DEF_>=70_0_0",8007.19,19.5,1762.15,644,10432.84,0.77,0.06,0,0.17,"OTB_DEF_>=70_0_0",TRUE
"INTXORTAMENDI","Ondarroa","ARRASTRE DE FONDO EN ZONAS CIEM VB, VI,VII Y VIIIABDE",537816,2020-09-13,14,9,2020,"27.8.abde","OTB_DEF_>=70_0_0",9649.6,24,1529.5,253,11456.1,0.84,0.02,0,0.13,"OTB_DEF_>=70_0_0",TRUE
"INTXORTAMENDI","Ondarroa","ARRASTRE DE FONDO EN ZONAS CIEM VB, VI,VII Y VIIIABDE",538008,2020-09-20,21,9,2020,"27.8.abde","OTB_DEF_>=70_0_0",10971.48,34.5,1802.27,576,13384.25,0.82,0.04,0,0.13,"OTB_DEF_>=70_0_0",TRUE
"INTXORTAMENDI","Ondarroa","ARRASTRE DE FONDO EN ZONAS CIEM VB, VI,VII Y VIIIABDE",538147,2020-09-27,28,9,2020,"27.8.abde","OTB_DEF_>=70_0_0",11911.31,12,1155.95,262.5,13341.76,0.89,0.02,0,0.09,"OTB_DEF_>=70_0_0",TRUE
"INTXORTAMENDI","Ondarroa","ARRASTRE DE FONDO EN ZONAS CIEM VB, VI,VII Y VIIIABDE",538377,2020-10-02,5,10,2020,"27.8.abde","OTB_DEF_>=70_0_0",6886.11,27,1817.71,453.5,9184.32,0.75,0.05,0,0.2,"OTB_DEF_>=70_0_0",TRUE
"INTXORTAMENDI","Ondarroa","ARRASTRE DE FONDO EN ZONAS CIEM VB, VI,VII Y VIIIABDE",538622,2020-10-11,12,10,2020,"27.8.abde","OTB_DEF_>=70_0_0",15837.39,426,4792.48,21,21076.87,0.75,0,0.02,0.23,"OTB_DEF_>=70_0_0",TRUE
"INTXORTAMENDI","Ondarroa","ARRASTRE DE FONDO EN ZONAS CIEM VB, VI,VII Y VIIIABDE",538923,2020-10-18,19,10,2020,"27.8.abde","OTB_DEF_>=70_0_0",16146.95,228.8,1412.56,302.5,18090.81,0.89,0.02,0.01,0.08,"OTB_DEF_>=70_0_0",TRUE
"INTXORTAMENDI","Ondarroa","ARRASTRE DE FONDO EN ZONAS CIEM VB, VI,VII Y VIIIABDE",539213,2020-10-25,26,10,2020,"27.8.abde","OTB_DEF_>=70_0_0",11849.59,93.7,1420.19,11,13374.48,0.89,0,0.01,0.11,"OTB_DEF_>=70_0_0",TRUE
"INTXORTAMENDI","Ondarroa","ARRASTRE DE FONDO EN ZONAS CIEM VB, VI,VII Y VIIIABDE",539377,2020-11-01,2,11,2020,"27.8.abde","OTB_DEF_>=70_0_0",16493.18,89.9,1661.67,0,18244.75,0.9,0,0,0.09,"OTB_DEF_>=70_0_0",TRUE
"INTXORTAMENDI","Ondarroa","ARRASTRE DE FONDO EN ZONAS CIEM VB, VI,VII Y VIIIABDE",539792,2020-11-08,9,11,2020,"27.8.abde","OTB_DEF_>=70_0_0",13481.28,221.8,1540.34,0,15243.41,0.88,0,0.01,0.1,"OTB_DEF_>=70_0_0",TRUE
"INTXORTAMENDI","Ondarroa","ARRASTRE DE FONDO EN ZONAS CIEM VB, VI,VII Y VIIIABDE",552215,2020-11-15,16,11,2020,"27.8.abde","OTB_DEF_>=70_0_0",11627.15,75,2185.55,96,13983.7,0.83,0.01,0.01,0.16,"OTB_DEF_>=70_0_0",TRUE
"INTXORTAMENDI","Ondarroa","ARRASTRE DE FONDO EN ZONAS CIEM VB, VI,VII Y VIIIABDE",552476,2020-11-22,23,11,2020,"27.8.abde","OTB_DEF_>=70_0_0",12353.89,112.5,1334.4,47,13847.8,0.89,0,0.01,0.1,"OTB_DEF_>=70_0_0",TRUE
"INTXORTAMENDI","Ondarroa","ARRASTRE DE FONDO EN ZONAS CIEM VB, VI,VII Y VIIIABDE",552797,2020-11-29,30,11,2020,"27.8.abde","OTB_DEF_>=70_0_0",11027.5,84.5,2678.11,0,13790.11,0.8,0,0.01,0.19,"OTB_DEF_>=70_0_0",TRUE
"INTXORTAMENDI","Ondarroa","ARRASTRE DE FONDO EN ZONAS CIEM VB, VI,VII Y VIIIABDE",553037,2020-12-05,7,12,2020,"27.8.abde","OTB_DEF_>=70_0_0",5722.15,88.5,1537.02,0,7347.67,0.78,0,0.01,0.21,"OTB_DEF_>=70_0_0",TRUE
"INTXORTAMENDI","Ondarroa","ARRASTRE DE FONDO EN ZONAS CIEM VB, VI,VII Y VIIIABDE",553130,2020-12-11,14,12,2020,"27.8.abde","OTB_DEF_>=70_0_0",6277.72,428,1699.94,0,8405.66,0.75,0,0.05,0.2,"OTB_DEF_>=70_0_0",TRUE
"INTXORTAMENDI","Ondarroa","ARRASTRE DE FONDO EN ZONAS CIEM VB, VI,VII Y VIIIABDE",553331,2020-12-20,21,12,2020,"27.8.abde","OTB_DEF_>=70_0_0",8830.36,342.5,2185.21,0,11358.06,0.78,0,0.03,0.19,"OTB_DEF_>=70_0_0",TRUE
"INTXORTAMENDI","Ondarroa","ARRASTRE DE FONDO EN ZONAS CIEM VB, VI,VII Y VIIIABDE",553515,2020-12-23,28,12,2020,"27.8.abde","OTB_DEF_>=70_0_0",3741.44,74,707.16,0,4522.6,0.83,0,0.02,0.16,"OTB_DEF_>=70_0_0",TRUE
"KALAMENDI","Ondarroa","ARRASTRE DE FONDO EN ZONAS CIEM VB, VI,VII Y VIIIABDE",530292,2020-01-06,7,1,2020,"27.8.abde","OTB_DEF_>=70_0_0",3782.94,496,1857.5,0,6136.44,0.62,0,0.08,0.3,"OTB_DEF_>=70_0_0",TRUE
"KALAMENDI","Ondarroa","ARRASTRE DE FONDO EN ZONAS CIEM VB, VI,VII Y VIIIABDE",530293,2020-01-06,7,1,2020,"27.8.abde","OTB_DEF_>=70_0_0",2447.38,436,1239.32,195,4317.7,0.57,0.05,0.1,0.29,"OTB_DEF_>=70_0_0",TRUE
"KALAMENDI","Ondarroa","ARRASTRE DE FONDO EN ZONAS CIEM VB, VI,VII Y VIIIABDE",530450,2020-01-12,13,1,2020,"27.8.abde","OTB_DEF_>=70_0_0",4374.17,1277.5,1901.5,0,7553.17,0.58,0,0.17,0.25,"OTB_DEF_>=70_0_0",TRUE
"KALAMENDI","Ondarroa","ARRASTRE DE FONDO EN ZONAS CIEM VB, VI,VII Y VIIIABDE",530451,2020-01-12,13,1,2020,"27.8.abde","OTB_DEF_>=70_0_0",3273.46,749,2240.49,33,6295.95,0.52,0.01,0.12,0.36,"OTB_DEF_>=70_0_0",TRUE
"KALAMENDI","Ondarroa","ARRASTRE DE FONDO EN ZONAS CIEM VB, VI,VII Y VIIIABDE",530581,2020-01-19,20,1,2020,"27.8.abde","OTB_DEF_>=70_0_0",5083.62,682,2111.6,0,7877.22,0.65,0,0.09,0.27,"OTB_DEF_>=70_0_0",TRUE
"KALAMENDI","Ondarroa","ARRASTRE DE FONDO EN ZONAS CIEM VB, VI,VII Y VIIIABDE",530582,2020-01-19,20,1,2020,"27.8.abde","OTB_DEF_>=70_0_0",4523.95,545,1660.52,52,6781.47,0.67,0.01,0.08,0.24,"OTB_DEF_>=70_0_0",TRUE
"KALAMENDI","Ondarroa","ARRASTRE DE FONDO EN ZONAS CIEM VB, VI,VII Y VIIIABDE",530668,2020-01-26,27,1,2020,"27.8.abde","OTB_DEF_>=70_0_0",4344.1,1084.5,1130.5,0,6559.1,0.66,0,0.17,0.17,"OTB_DEF_>=70_0_0",TRUE
"KALAMENDI","Ondarroa","ARRASTRE DE FONDO EN ZONAS CIEM VB, VI,VII Y VIIIABDE",530768,2020-02-02,3,2,2020,"27.8.abde","OTB_DEF_>=70_0_0",5410.49,1022.5,987.5,0,7420.49,0.73,0,0.14,0.13,"OTB_DEF_>=70_0_0",TRUE
"KALAMENDI","Ondarroa","ARRASTRE DE FONDO EN ZONAS CIEM VB, VI,VII Y VIIIABDE",530879,2020-02-09,10,2,2020,"27.8.abde","OTB_DEF_>=70_0_0",4875.04,1374,1852,0,8101.04,0.6,0,0.17,0.23,"OTB_DEF_>=70_0_0",TRUE
"KALAMENDI","Ondarroa","ARRASTRE DE FONDO EN ZONAS CIEM VB, VI,VII Y VIIIABDE",530993,2020-02-16,17,2,2020,"27.8.abde","OTB_DEF_>=70_0_0",3568.43,712,1304.5,0,5584.93,0.64,0,0.13,0.23,"OTB_DEF_>=70_0_0",TRUE
"KALAMENDI","Ondarroa","ARRASTRE DE FONDO EN ZONAS CIEM VB, VI,VII Y VIIIABDE",531143,2020-02-23,24,2,2020,"27.8.abde","OTB_DEF_>=70_0_0",5513.9,448.5,2150,0,8112.4,0.68,0,0.06,0.27,"OTB_DEF_>=70_0_0",TRUE
"KALAMENDI","Ondarroa","ARRASTRE DE FONDO EN ZONAS CIEM VB, VI,VII Y VIIIABDE",531327,2020-03-01,2,3,2020,"27.8.abde","OTB_DEF_>=70_0_0",2814.36,412,736,0,3962.36,0.71,0,0.1,0.19,"OTB_DEF_>=70_0_0",TRUE
"KALAMENDI","Ondarroa","ARRASTRE DE FONDO EN ZONAS CIEM VB, VI,VII Y VIIIABDE",531427,2020-03-05,5,3,2020,"27.8.abde","OTB_DEF_>=70_0_0",2032.09,235,668.05,30333,33268.14,0.06,0.91,0.01,0.02,"OTB_SPF_>=70_0_0",FALSE
"KALAMENDI","Ondarroa","ARRASTRE DE FONDO EN ZONAS CIEM VB, VI,VII Y VIIIABDE",531513,2020-03-07,8,3,2020,"27.8.abde","OTB_DEF_>=70_0_0",0,0,0,38996,38996,0,1,0,0,"OTB_SPF_>=70_0_0",FALSE
"KALAMENDI","Ondarroa","ARRASTRE DE FONDO EN ZONAS CIEM VB, VI,VII Y VIIIABDE",531523,2020-03-08,9,3,2020,"27.8.abde","OTB_DEF_>=70_0_0",76.15,0,26,40728,40830.15,0,1,0,0,"OTB_SPF_>=70_0_0",FALSE
"KALAMENDI","Ondarroa","ARRASTRE DE FONDO EN ZONAS CIEM VB, VI,VII Y VIIIABDE",531573,2020-03-09,10,3,2020,"27.8.abde","OTB_DEF_>=70_0_0",0,0,0,46285,46285,0,1,0,0,"OTB_SPF_>=70_0_0",FALSE
"KALAMENDI","Ondarroa","ARRASTRE DE FONDO EN ZONAS CIEM VB, VI,VII Y VIIIABDE",531673,2020-03-10,11,3,2020,"27.8.abde","OTB_DEF_>=70_0_0",38.57,0,0,33812.5,33851.07,0,1,0,0,"OTB_SPF_>=70_0_0",FALSE
"KALAMENDI","Ondarroa","ARRASTRE DE FONDO EN ZONAS CIEM VB, VI,VII Y VIIIABDE",531988,2020-03-15,16,3,2020,"27.8.abde","OTB_DEF_>=70_0_0",3015.98,308,1297,0,4620.98,0.65,0,0.07,0.28,"OTB_DEF_>=70_0_0",TRUE
"KALAMENDI","Ondarroa","ARRASTRE DE FONDO EN ZONAS CIEM VB, VI,VII Y VIIIABDE",532542,2020-03-22,23,3,2020,"27.8.abde","OTB_DEF_>=70_0_0",3041.17,452,703,0,4196.17,0.72,0,0.11,0.17,"OTB_DEF_>=70_0_0",TRUE
"KALAMENDI","Ondarroa","ARRASTRE DE FONDO EN ZONAS CIEM VB, VI,VII Y VIIIABDE",532940,2020-03-28,30,3,2020,"27.8.abde","OTB_DEF_>=70_0_0",1615.25,429.5,341.5,0,2386.25,0.68,0,0.18,0.14,"OTB_DEF_>=70_0_0",TRUE
"KALAMENDI","Ondarroa","ARRASTRE DE FONDO EN ZONAS CIEM VB, VI,VII Y VIIIABDE",533293,2020-04-04,6,4,2020,"27.8.abde","OTB_DEF_>=70_0_0",1647.01,333.5,303,874,3157.51,0.52,0.28,0.11,0.1,"OTB_DEF_>=70_0_0",TRUE
"KALAMENDI","Ondarroa","ARRASTRE DE FONDO EN ZONAS CIEM VB, VI,VII Y VIIIABDE",533294,2020-04-05,6,4,2020,"27.8.abde","OTB_DEF_>=70_0_0",1040.51,432,2184.28,0,3656.79,0.28,0,0.12,0.6,"OTB_DEF_>=70_0_0",TRUE
"KALAMENDI","Ondarroa","ARRASTRE DE FONDO EN ZONAS CIEM VB, VI,VII Y VIIIABDE",533408,2020-04-12,13,4,2020,"27.8.abde","OTB_DEF_>=70_0_0",1427.66,51,660.5,336,2475.16,0.58,0.14,0.02,0.27,"OTB_DEF_>=70_0_0",TRUE
"KALAMENDI","Ondarroa","ARRASTRE DE FONDO EN ZONAS CIEM VB, VI,VII Y VIIIABDE",533635,2020-04-18,20,4,2020,"27.8.abde","OTB_DEF_>=70_0_0",1249.47,22.5,506.5,0,1778.47,0.7,0,0.01,0.28,"OTB_DEF_>=70_0_0",TRUE
"KALAMENDI","Ondarroa","ARRASTRE DE FONDO EN ZONAS CIEM VB, VI,VII Y VIIIABDE",533794,2020-04-22,23,4,2020,"27.8.abde","OTB_DEF_>=70_0_0",4126.37,156,1859.82,75,6217.19,0.66,0.01,0.03,0.3,"OTB_DEF_>=70_0_0",TRUE
"KALAMENDI","Ondarroa","ARRASTRE DE FONDO EN ZONAS CIEM VB, VI,VII Y VIIIABDE",534011,2020-04-24,27,4,2020,"27.8.abde","OTB_DEF_>=70_0_0",2037.91,79.5,777,0,2894.41,0.7,0,0.03,0.27,"OTB_DEF_>=70_0_0",TRUE
"KALAMENDI","Ondarroa","ARRASTRE DE FONDO EN ZONAS CIEM VB, VI,VII Y VIIIABDE",534367,2020-05-05,6,5,2020,"27.8.abde","OTB_DEF_>=70_0_0",3680.25,59,587.5,1180,5506.75,0.67,0.21,0.01,0.11,"OTB_DEF_>=70_0_0",TRUE
"KALAMENDI","Ondarroa","ARRASTRE DE FONDO EN ZONAS CIEM VB, VI,VII Y VIIIABDE",534516,2020-05-10,11,5,2020,"27.8.abde","OTB_DEF_>=70_0_0",3642,56,555,1416,5669,0.64,0.25,0.01,0.1,"OTB_DEF_>=70_0_0",TRUE
"KALAMENDI","Ondarroa","ARRASTRE DE FONDO EN ZONAS CIEM VB, VI,VII Y VIIIABDE",534715,2020-05-17,18,5,2020,"27.8.abde","OTB_DEF_>=70_0_0",3458.28,0,837,2076,6371.28,0.54,0.33,0,0.13,"OTB_DEF_>=70_0_0",TRUE
"KALAMENDI","Ondarroa","ARRASTRE DE FONDO EN ZONAS CIEM VB, VI,VII Y VIIIABDE",534933,2020-05-24,25,5,2020,"27.8.abde","OTB_DEF_>=70_0_0",5991.29,0,1311.5,0,7302.79,0.82,0,0,0.18,"OTB_DEF_>=70_0_0",TRUE
"KALAMENDI","Ondarroa","ARRASTRE DE FONDO EN ZONAS CIEM VB, VI,VII Y VIIIABDE",535144,2020-05-31,1,6,2020,"27.8.abde","OTB_DEF_>=70_0_0",8147.41,0,1663,0,9810.41,0.83,0,0,0.17,"OTB_DEF_>=70_0_0",TRUE
"KALAMENDI","Ondarroa","ARRASTRE DE FONDO EN ZONAS CIEM VB, VI,VII Y VIIIABDE",535325,2020-06-07,8,6,2020,"27.8.abde","OTB_DEF_>=70_0_0",4179.31,87.5,980.41,1873,7120.21,0.59,0.26,0.01,0.14,"OTB_DEF_>=70_0_0",TRUE
"KALAMENDI","Ondarroa","ARRASTRE DE FONDO EN ZONAS CIEM VB, VI,VII Y VIIIABDE",535486,2020-06-14,15,6,2020,"27.8.abde","OTB_DEF_>=70_0_0",4052.4,185,3742.18,4884,12863.58,0.32,0.38,0.01,0.29,"OTB_DEF_>=70_0_0",TRUE
"KALAMENDI","Ondarroa","ARRASTRE DE FONDO EN ZONAS CIEM VB, VI,VII Y VIIIABDE",535622,2020-06-21,22,6,2020,"27.8.abde","OTB_DEF_>=70_0_0",5247.77,153,2172.23,4410,11982.99,0.44,0.37,0.01,0.18,"OTB_DEF_>=70_0_0",TRUE
"KALAMENDI","Ondarroa","ARRASTRE DE FONDO EN ZONAS CIEM VB, VI,VII Y VIIIABDE",535853,2020-06-28,29,6,2020,"27.8.abde","OTB_DEF_>=70_0_0",12310.72,0,1274.2,4783.5,18368.42,0.67,0.26,0,0.07,"OTB_DEF_>=70_0_0",TRUE
"KALAMENDI","Ondarroa","ARRASTRE DE FONDO EN ZONAS CIEM VB, VI,VII Y VIIIABDE",537693,2020-09-08,9,9,2020,"27.8.abde","OTB_DEF_>=70_0_0",10758.58,50,1879.75,390,13078.33,0.82,0.03,0,0.14,"OTB_DEF_>=70_0_0",TRUE
"KALAMENDI","Ondarroa","ARRASTRE DE FONDO EN ZONAS CIEM VB, VI,VII Y VIIIABDE",537817,2020-09-13,14,9,2020,"27.8.abde","OTB_DEF_>=70_0_0",7518.47,0,251,0,7769.47,0.97,0,0,0.03,"OTB_DEF_>=70_0_0",TRUE
"KALAMENDI","Ondarroa","ARRASTRE DE FONDO EN ZONAS CIEM VB, VI,VII Y VIIIABDE",537914,2020-09-16,17,9,2020,"27.8.abde","OTB_DEF_>=70_0_0",4340.39,0,0,0,4340.39,1,0,0,0,"OTB_DEF_>=70_0_0",TRUE
"KALAMENDI","Ondarroa","ARRASTRE DE FONDO EN ZONAS CIEM VB, VI,VII Y VIIIABDE",538010,2020-09-20,21,9,2020,"27.8.abde","OTB_DEF_>=70_0_0",8060.95,0,860,0,8920.95,0.9,0,0,0.1,"OTB_DEF_>=70_0_0",TRUE
"KALAMENDI","Ondarroa","ARRASTRE DE FONDO EN ZONAS CIEM VB, VI,VII Y VIIIABDE",538148,2020-09-27,28,9,2020,"27.8.abde","OTB_DEF_>=70_0_0",11881.49,0,732,0,12613.49,0.94,0,0,0.06,"OTB_DEF_>=70_0_0",TRUE
"KALAMENDI","Ondarroa","ARRASTRE DE FONDO EN ZONAS CIEM VB, VI,VII Y VIIIABDE",538378,2020-10-02,5,10,2020,"27.8.abde","OTB_DEF_>=70_0_0",11685.19,51.5,2728.5,0,14465.19,0.81,0,0,0.19,"OTB_DEF_>=70_0_0",TRUE
"KALAMENDI","Ondarroa","ARRASTRE DE FONDO EN ZONAS CIEM VB, VI,VII Y VIIIABDE",538559,2020-10-11,12,10,2020,"27.8.abde","OTB_DEF_>=70_0_0",6497,0,4021,0,10518,0.62,0,0,0.38,"OTB_DEF_>=70_0_0",TRUE
"KALAMENDI","Ondarroa","ARRASTRE DE FONDO EN ZONAS CIEM VB, VI,VII Y VIIIABDE",538835,2020-10-18,19,10,2020,"27.8.abde","OTB_DEF_>=70_0_0",7087.81,83.5,1219,0,8390.31,0.84,0,0.01,0.15,"OTB_DEF_>=70_0_0",TRUE
"KALAMENDI","Ondarroa","ARRASTRE DE FONDO EN ZONAS CIEM VB, VI,VII Y VIIIABDE",539176,2020-10-25,26,10,2020,"27.8.abde","OTB_DEF_>=70_0_0",6197.02,1265,2377.19,0,9839.21,0.63,0,0.13,0.24,"OTB_DEF_>=70_0_0",TRUE
"KALAMENDI","Ondarroa","ARRASTRE DE FONDO EN ZONAS CIEM VB, VI,VII Y VIIIABDE",539349,2020-11-01,2,11,2020,"27.8.abde","OTB_DEF_>=70_0_0",15773.48,270,4075.7,0,20119.18,0.78,0,0.01,0.2,"OTB_DEF_>=70_0_0",TRUE
"KALAMENDI","Ondarroa","ARRASTRE DE FONDO EN ZONAS CIEM VB, VI,VII Y VIIIABDE",539794,2020-11-08,9,11,2020,"27.8.abde","OTB_DEF_>=70_0_0",5819.06,201.5,1796.5,294,8111.06,0.72,0.04,0.02,0.22,"OTB_DEF_>=70_0_0",TRUE
"KALAMENDI","Ondarroa","ARRASTRE DE FONDO EN ZONAS CIEM VB, VI,VII Y VIIIABDE",552164,2020-11-15,16,11,2020,"27.8.abde","OTB_DEF_>=70_0_0",4501.78,603.5,1309,76.5,6490.78,0.69,0.01,0.09,0.2,"OTB_DEF_>=70_0_0",TRUE
"KALAMENDI","Ondarroa","ARRASTRE DE FONDO EN ZONAS CIEM VB, VI,VII Y VIIIABDE",552477,2020-11-22,23,11,2020,"27.8.abde","OTB_DEF_>=70_0_0",9133.93,59.5,2929,0,12122.43,0.75,0,0,0.24,"OTB_DEF_>=70_0_0",TRUE
"KALAMENDI","Ondarroa","ARRASTRE DE FONDO EN ZONAS CIEM VB, VI,VII Y VIIIABDE",552798,2020-11-29,30,11,2020,"27.8.abde","OTB_DEF_>=70_0_0",5827.8,487,1532.5,143,7990.3,0.73,0.02,0.06,0.19,"OTB_DEF_>=70_0_0",TRUE
"KALAMENDI","Ondarroa","ARRASTRE DE FONDO EN ZONAS CIEM VB, VI,VII Y VIIIABDE",553038,2020-12-05,7,12,2020,"27.8.abde","OTB_DEF_>=70_0_0",3764.52,26,2148.5,0,5939.02,0.63,0,0,0.36,"OTB_DEF_>=70_0_0",TRUE
"KALAMENDI","Ondarroa","ARRASTRE DE FONDO EN ZONAS CIEM VB, VI,VII Y VIIIABDE",553131,2020-12-13,14,12,2020,"27.8.abde","OTB_DEF_>=70_0_0",6714.03,1496.5,1139.55,130,9480.08,0.71,0.01,0.16,0.12,"OTB_DEF_>=70_0_0",TRUE
"KALAMENDI","Ondarroa","ARRASTRE DE FONDO EN ZONAS CIEM VB, VI,VII Y VIIIABDE",553332,2020-12-20,21,12,2020,"27.8.abde","OTB_DEF_>=70_0_0",9318.53,100.8,3202,19,12640.33,0.74,0,0.01,0.25,"OTB_DEF_>=70_0_0",TRUE
"KALAMENDI","Ondarroa","ARRASTRE DE FONDO EN ZONAS CIEM VB, VI,VII Y VIIIABDE",553384,2020-12-19,21,12,2020,"27.8.abde","OTB_DEF_>=70_0_0",3292.64,142,2536.12,0,5970.75,0.55,0,0.02,0.42,"OTB_DEF_>=70_0_0",TRUE
"KALAMENDI","Ondarroa","ARRASTRE DE FONDO EN ZONAS CIEM VB, VI,VII Y VIIIABDE",553516,2020-12-24,28,12,2020,"27.8.abde","OTB_DEF_>=70_0_0",2236.53,44,1055.5,0,3336.03,0.67,0,0.01,0.32,"OTB_DEF_>=70_0_0",TRUE
"MAR MARES","Ondarroa","ARRASTRE DE FONDO EN ZONAS CIEM VB, VI,VII Y VIIIABDE",530304,2020-01-06,7,1,2020,"27.8.abde","OTB_DEF_>=70_0_0",7332.44,679.7,6609.15,162,14783.29,0.5,0.01,0.05,0.45,"OTB_DEF_>=70_0_0",TRUE
"MAR MARES","Ondarroa","ARRASTRE DE FONDO EN ZONAS CIEM VB, VI,VII Y VIIIABDE",530460,2020-01-12,13,1,2020,"27.8.abde","OTB_DEF_>=70_0_0",8255.4,1826.6,3626.27,0,13708.27,0.6,0,0.13,0.26,"OTB_DEF_>=70_0_0",TRUE
"MAR MARES","Ondarroa","ARRASTRE DE FONDO EN ZONAS CIEM VB, VI,VII Y VIIIABDE",530589,2020-01-19,20,1,2020,"27.8.abde","OTB_DEF_>=70_0_0",9585.37,1062.7,3424.07,0,14072.14,0.68,0,0.08,0.24,"OTB_DEF_>=70_0_0",TRUE
"MAR MARES","Ondarroa","ARRASTRE DE FONDO EN ZONAS CIEM VB, VI,VII Y VIIIABDE",530675,2020-01-26,27,1,2020,"27.8.abde","OTB_DEF_>=70_0_0",8986.38,2421.9,4078.23,0,15486.51,0.58,0,0.16,0.26,"OTB_DEF_>=70_0_0",TRUE
"MAR MARES","Ondarroa","ARRASTRE DE FONDO EN ZONAS CIEM VB, VI,VII Y VIIIABDE",530775,2020-02-02,3,2,2020,"27.8.abde","OTB_DEF_>=70_0_0",10682.82,1696.1,2868.99,240.5,15488.42,0.69,0.02,0.11,0.19,"OTB_DEF_>=70_0_0",TRUE
"MAR MARES","Ondarroa","ARRASTRE DE FONDO EN ZONAS CIEM VB, VI,VII Y VIIIABDE",530886,2020-02-09,10,2,2020,"27.8.abde","OTB_DEF_>=70_0_0",9592.75,1331,2145.51,305,13374.25,0.72,0.02,0.1,0.16,"OTB_DEF_>=70_0_0",TRUE
"MAR MARES","Ondarroa","ARRASTRE DE FONDO EN ZONAS CIEM VB, VI,VII Y VIIIABDE",531000,2020-02-16,17,2,2020,"27.8.abde","OTB_DEF_>=70_0_0",9385.56,1083.3,5452.04,787.5,16708.4,0.56,0.05,0.06,0.33,"OTB_DEF_>=70_0_0",TRUE
"MAR MARES","Ondarroa","ARRASTRE DE FONDO EN ZONAS CIEM VB, VI,VII Y VIIIABDE",531155,2020-02-23,24,2,2020,"27.8.abde","OTB_DEF_>=70_0_0",8569.03,650.8,3763.31,780.5,13763.64,0.62,0.06,0.05,0.27,"OTB_DEF_>=70_0_0",TRUE
"MAR MARES","Ondarroa","ARRASTRE DE FONDO EN ZONAS CIEM VB, VI,VII Y VIIIABDE",533419,2020-04-12,13,4,2020,"27.8.abde","OTB_DEF_>=70_0_0",1599.48,0,400,1468,3467.48,0.46,0.42,0,0.12,"OTB_DEF_>=70_0_0",TRUE
"MAR MARES","Ondarroa","ARRASTRE DE FONDO EN ZONAS CIEM VB, VI,VII Y VIIIABDE",534016,2020-04-23,27,4,2020,"27.6","OTB_DEF_>=70_0_0",21639.6,0,9222.55,0,30862.15,0.7,0,0,0.3,"OTB_DEF_100-119_0_0",FALSE
"MAR MARES","Ondarroa","ARRASTRE DE FONDO EN ZONAS CIEM VB, VI,VII Y VIIIABDE",534240,2020-05-01,4,5,2020,"27.6","OTB_DEF_>=70_0_0",13876.8,0,4088.6,0,17965.39,0.77,0,0,0.23,"OTB_DEF_100-119_0_0",FALSE
"MAR MARES","Ondarroa","ARRASTRE DE FONDO EN ZONAS CIEM VB, VI,VII Y VIIIABDE",534478,2020-05-08,11,5,2020,"27.6","OTB_DEF_>=70_0_0",13763.53,0,1647.15,0,15410.68,0.89,0,0,0.11,"OTB_DEF_100-119_0_0",FALSE
"MAR MARES","Ondarroa","ARRASTRE DE FONDO EN ZONAS CIEM VB, VI,VII Y VIIIABDE",534692,2020-05-15,18,5,2020,"27.6","OTB_DEF_>=70_0_0",13405.74,0,575.99,0,13981.73,0.96,0,0,0.04,"OTB_DEF_100-119_0_0",FALSE
"MAR MARES","Ondarroa","ARRASTRE DE FONDO EN ZONAS CIEM VB, VI,VII Y VIIIABDE",534937,2020-05-22,25,5,2020,"27.6","OTB_DEF_>=70_0_0",14416.81,0,1322.65,0,15739.45,0.92,0,0,0.08,"OTB_DEF_100-119_0_0",FALSE
"MAR MARES","Ondarroa","ARRASTRE DE FONDO EN ZONAS CIEM VB, VI,VII Y VIIIABDE",534939,2020-05-22,25,5,2020,"27.7","OTB_DEF_>=70_0_0",2386.25,0,0,0,2386.25,1,0,0,0,"OTB_DEF_70-99_0_0",FALSE
"MAR MARES","Ondarroa","ARRASTRE DE FONDO EN ZONAS CIEM VB, VI,VII Y VIIIABDE",535127,2020-05-29,1,6,2020,"27.6","OTB_DEF_>=70_0_0",13454.49,0,2874.51,0,16329,0.82,0,0,0.18,"OTB_DEF_100-119_0_0",FALSE
"MAR MARES","Ondarroa","ARRASTRE DE FONDO EN ZONAS CIEM VB, VI,VII Y VIIIABDE",535314,2020-06-05,8,6,2020,"27.6","OTB_DEF_>=70_0_0",11152.03,0,3749.29,0,14901.32,0.75,0,0,0.25,"OTB_DEF_100-119_0_0",FALSE
"MAR MARES","Ondarroa","ARRASTRE DE FONDO EN ZONAS CIEM VB, VI,VII Y VIIIABDE",535467,2020-06-12,15,6,2020,"27.6","OTB_DEF_>=70_0_0",11446.11,0,2471.59,0,13917.7,0.82,0,0,0.18,"OTB_DEF_100-119_0_0",FALSE
"MAR MARES","Ondarroa","ARRASTRE DE FONDO EN ZONAS CIEM VB, VI,VII Y VIIIABDE",535631,2020-06-19,22,6,2020,"27.6","OTB_DEF_>=70_0_0",13406.19,0,900.3,0,14306.49,0.94,0,0,0.06,"OTB_DEF_100-119_0_0",FALSE
"MAR MARES","Ondarroa","ARRASTRE DE FONDO EN ZONAS CIEM VB, VI,VII Y VIIIABDE",535857,2020-06-26,29,6,2020,"27.6","OTB_DEF_>=70_0_0",13940.34,0,4374.9,0,18315.24,0.76,0,0,0.24,"OTB_DEF_100-119_0_0",FALSE
"MAR MARES","Ondarroa","ARRASTRE DE FONDO EN ZONAS CIEM VB, VI,VII Y VIIIABDE",536100,2020-07-03,6,7,2020,"27.6","OTB_DEF_>=70_0_0",10565.02,0,2042.75,0,12607.77,0.84,0,0,0.16,"OTB_DEF_100-119_0_0",FALSE
"MAR MARES","Ondarroa","ARRASTRE DE FONDO EN ZONAS CIEM VB, VI,VII Y VIIIABDE",536268,2020-07-10,13,7,2020,"27.6","OTB_DEF_>=70_0_0",6477.25,0,1031.02,0,7508.26,0.86,0,0,0.14,"OTB_DEF_100-119_0_0",FALSE
"MAR MARES","Ondarroa","ARRASTRE DE FONDO EN ZONAS CIEM VB, VI,VII Y VIIIABDE",536502,2020-07-19,20,7,2020,"27.6","OTB_DEF_>=70_0_0",10755.23,0,964.42,256.5,11976.16,0.9,0.02,0,0.08,"OTB_DEF_100-119_0_0",FALSE
"MAR MARES","Ondarroa","ARRASTRE DE FONDO EN ZONAS CIEM VB, VI,VII Y VIIIABDE",537511,2020-08-28,31,8,2020,"27.6","OTB_DEF_>=70_0_0",12539.89,0,677.4,0,13217.29,0.95,0,0,0.05,"OTB_DEF_100-119_0_0",FALSE
"MAR MARES","Ondarroa","ARRASTRE DE FONDO EN ZONAS CIEM VB, VI,VII Y VIIIABDE",537657,2020-09-03,7,9,2020,"27.6","OTB_DEF_>=70_0_0",10437.94,0,357.6,0,10795.54,0.97,0,0,0.03,"OTB_DEF_100-119_0_0",FALSE
"MAR MARES","Ondarroa","ARRASTRE DE FONDO EN ZONAS CIEM VB, VI,VII Y VIIIABDE",537819,2020-09-11,14,9,2020,"27.6","OTB_DEF_>=70_0_0",12315.81,0,499.5,0,12815.31,0.96,0,0,0.04,"OTB_DEF_100-119_0_0",FALSE
"MAR MARES","Ondarroa","ARRASTRE DE FONDO EN ZONAS CIEM VB, VI,VII Y VIIIABDE",538015,2020-09-18,21,9,2020,"27.6","OTB_DEF_>=70_0_0",10483.31,0,2371.78,0,12855.08,0.82,0,0,0.18,"OTB_DEF_100-119_0_0",FALSE
"MAR MARES","Ondarroa","ARRASTRE DE FONDO EN ZONAS CIEM VB, VI,VII Y VIIIABDE",538143,2020-09-25,28,9,2020,"27.6","OTB_DEF_>=70_0_0",12261.3,0,2944.45,0,15205.75,0.81,0,0,0.19,"OTB_DEF_100-119_0_0",FALSE
"MAR MARES","Ondarroa","ARRASTRE DE FONDO EN ZONAS CIEM VB, VI,VII Y VIIIABDE",538355,2020-10-02,5,10,2020,"27.6","OTB_DEF_>=70_0_0",9949.62,0,1316,0,11265.62,0.88,0,0,0.12,"OTB_DEF_100-119_0_0",FALSE
"MAR MARES","Ondarroa","ARRASTRE DE FONDO EN ZONAS CIEM VB, VI,VII Y VIIIABDE",538624,2020-10-09,12,10,2020,"27.6","OTB_DEF_>=70_0_0",10761.88,0,3563.38,0,14325.25,0.75,0,0,0.25,"OTB_DEF_100-119_0_0",FALSE
"MAR MARES","Ondarroa","ARRASTRE DE FONDO EN ZONAS CIEM VB, VI,VII Y VIIIABDE",538818,2020-10-16,19,10,2020,"27.6","OTB_DEF_>=70_0_0",11975.77,0,2039.92,0,14015.69,0.85,0,0,0.15,"OTB_DEF_100-119_0_0",FALSE
"MAR MARES","Ondarroa","ARRASTRE DE FONDO EN ZONAS CIEM VB, VI,VII Y VIIIABDE",539161,2020-10-24,26,10,2020,"27.6","OTB_DEF_>=70_0_0",13839.43,0,2105.68,0,15945.1,0.87,0,0,0.13,"OTB_DEF_100-119_0_0",FALSE
"MAR MARES","Ondarroa","ARRASTRE DE FONDO EN ZONAS CIEM VB, VI,VII Y VIIIABDE",539476,2020-10-31,2,11,2020,"27.6","OTB_DEF_>=70_0_0",3525.1,0,651.65,0,4176.75,0.84,0,0,0.16,"OTB_DEF_100-119_0_0",FALSE
"MAR MARES","Ondarroa","ARRASTRE DE FONDO EN ZONAS CIEM VB, VI,VII Y VIIIABDE",552166,2020-11-15,16,11,2020,"27.8.abde","OTB_DEF_>=70_0_0",7229.82,684.3,4747.72,54,12715.84,0.57,0,0.05,0.37,"OTB_DEF_>=70_0_0",TRUE
"MAR MARES","Ondarroa","ARRASTRE DE FONDO EN ZONAS CIEM VB, VI,VII Y VIIIABDE",552483,2020-11-22,23,11,2020,"27.8.abde","OTB_DEF_>=70_0_0",9720.98,108.5,6259.33,64.5,16153.31,0.6,0,0.01,0.39,"OTB_DEF_>=70_0_0",TRUE
"MAR MARES","Ondarroa","ARRASTRE DE FONDO EN ZONAS CIEM VB, VI,VII Y VIIIABDE",552803,2020-11-30,30,11,2020,"27.8.abde","OTB_DEF_>=70_0_0",7719.86,865.2,5590.98,66.5,14242.54,0.54,0,0.06,0.39,"OTB_DEF_>=70_0_0",TRUE
"MAR MARES","Ondarroa","ARRASTRE DE FONDO EN ZONAS CIEM VB, VI,VII Y VIIIABDE",553044,2020-12-06,7,12,2020,"27.8.abde","OTB_DEF_>=70_0_0",5765.97,59,2920.36,0,8745.33,0.66,0,0.01,0.33,"OTB_DEF_>=70_0_0",TRUE
"MAR MARES","Ondarroa","ARRASTRE DE FONDO EN ZONAS CIEM VB, VI,VII Y VIIIABDE",553135,2020-12-13,14,12,2020,"27.8.abde","OTB_DEF_>=70_0_0",7186.37,1517,5504.86,55,14263.22,0.5,0,0.11,0.39,"OTB_DEF_>=70_0_0",TRUE
"MAR MARES","Ondarroa","ARRASTRE DE FONDO EN ZONAS CIEM VB, VI,VII Y VIIIABDE",553338,2020-12-20,21,12,2020,"27.8.abde","OTB_DEF_>=70_0_0",6983.53,2360.3,2582.22,32.5,11958.55,0.58,0,0.2,0.22,"OTB_DEF_>=70_0_0",TRUE
"NUEVO CHAROLAIS","Santander","ARRASTRE DE FONDO EN ZONAS CIEM VB, VI,VII Y VIIIABDE",531467,2020-03-03,5,3,2020,"27.8.abde","OTB_DEF_>=70_0_0",0,0,0,9110,9110,0,1,0,0,"OTB_SPF_>=70_0_0",FALSE
"SERENIN ( EX MINCHOS QUINTO)","Celeiro","ARRASTRE DE FONDO EN CANTABRICO NW",530466,2020-01-10,13,1,2020,"27.8.c","OTB_DEF_>=55_0_0",1973.64,424,3728.48,78,6204.12,0.32,0.01,0.07,0.6,"OTB_DEF_>=55_0_0",TRUE
"SERENIN ( EX MINCHOS QUINTO)","Celeiro","ARRASTRE DE FONDO EN CANTABRICO NW",530544,2020-01-15,16,1,2020,"27.8.c","OTB_DEF_>=55_0_0",4548.2,52,2636.38,96,7332.58,0.62,0.01,0.01,0.36,"OTB_DEF_>=55_0_0",TRUE
"SERENIN ( EX MINCHOS QUINTO)","Celeiro","ARRASTRE DE FONDO EN CANTABRICO NW",530597,2020-01-17,20,1,2020,"27.8.c","OTB_DEF_>=55_0_0",2380.13,67.4,950.87,181,3579.4,0.66,0.05,0.02,0.27,"OTB_DEF_>=55_0_0",TRUE
"SERENIN ( EX MINCHOS QUINTO)","Celeiro","ARRASTRE DE FONDO EN CANTABRICO NW",530638,2020-01-22,23,1,2020,"27.8.c","OTB_DEF_>=55_0_0",1891.59,35.8,2347.37,57.1,4331.86,0.44,0.01,0.01,0.54,"OTB_DEF_>=55_0_0",TRUE
"SERENIN ( EX MINCHOS QUINTO)","Celeiro","ARRASTRE DE FONDO EN CANTABRICO NW",530682,2020-01-24,27,1,2020,"27.8.c","OTB_DEF_>=55_0_0",1882.46,70,2504.34,183,4639.8,0.41,0.04,0.02,0.54,"OTB_DEF_>=55_0_0",TRUE
"SERENIN ( EX MINCHOS QUINTO)","Celeiro","ARRASTRE DE FONDO EN CANTABRICO NW",530744,2020-01-29,30,1,2020,"27.8.c","OTB_DEF_>=55_0_0",1747.73,115,3090.87,431,5384.6,0.32,0.08,0.02,0.57,"OTB_DEF_>=55_0_0",TRUE
"SERENIN ( EX MINCHOS QUINTO)","Celeiro","ARRASTRE DE FONDO EN CANTABRICO NW",530788,2020-01-31,3,2,2020,"27.8.c","OTB_DEF_>=55_0_0",1580.95,163,2246.53,3897,7887.48,0.2,0.49,0.02,0.28,"OTB_DEF_>=55_0_0",TRUE
"SERENIN ( EX MINCHOS QUINTO)","Celeiro","ARRASTRE DE FONDO EN CANTABRICO NW",530848,2020-02-05,6,2,2020,"27.8.c","OTB_DEF_>=55_0_0",3136.79,204,1774.52,689,5804.31,0.54,0.12,0.04,0.31,"OTB_DEF_>=55_0_0",TRUE
"SERENIN ( EX MINCHOS QUINTO)","Celeiro","ARRASTRE DE FONDO EN CANTABRICO NW",530894,2020-02-07,10,2,2020,"27.8.c","OTB_DEF_>=55_0_0",1967.85,254.5,1960.24,611,4793.59,0.41,0.13,0.05,0.41,"OTB_DEF_>=55_0_0",TRUE
"SERENIN ( EX MINCHOS QUINTO)","Celeiro","ARRASTRE DE FONDO EN CANTABRICO NW",530958,2020-02-12,13,2,2020,"27.8.c","OTB_DEF_>=55_0_0",2730.89,484,1819.87,1160,6194.76,0.44,0.19,0.08,0.29,"OTB_DEF_>=55_0_0",TRUE
"SERENIN ( EX MINCHOS QUINTO)","Celeiro","ARRASTRE DE FONDO EN CANTABRICO NW",531008,2020-02-14,17,2,2020,"27.8.c","OTB_DEF_>=55_0_0",2114.83,150,604.58,783,3652.41,0.58,0.21,0.04,0.17,"OTB_DEF_>=55_0_0",TRUE
"SERENIN ( EX MINCHOS QUINTO)","Celeiro","ARRASTRE DE FONDO EN CANTABRICO NW",531066,2020-02-19,20,2,2020,"27.8.c","OTB_DEF_>=55_0_0",3102.21,338,2852.6,346,6638.81,0.47,0.05,0.05,0.43,"OTB_DEF_>=55_0_0",TRUE
"SERENIN ( EX MINCHOS QUINTO)","Celeiro","ARRASTRE DE FONDO EN CANTABRICO NW",531163,2020-02-21,24,2,2020,"27.8.c","OTB_DEF_>=55_0_0",1220.86,78,3218.45,84,4601.31,0.27,0.02,0.02,0.7,"OTB_DEF_>=55_0_0",TRUE
"SERENIN ( EX MINCHOS QUINTO)","Celeiro","ARRASTRE DE FONDO EN CANTABRICO NW",531293,2020-02-26,27,2,2020,"27.8.c","OTB_DEF_>=55_0_0",2332.16,111,5506.35,377,8326.51,0.28,0.05,0.01,0.66,"OTB_DEF_>=55_0_0",TRUE
"SERENIN ( EX MINCHOS QUINTO)","Celeiro","ARRASTRE DE FONDO EN CANTABRICO NW",531341,2020-03-01,2,3,2020,"27.8.c","OTB_DEF_>=55_0_0",533.99,3.8,158.55,115.5,811.84,0.66,0.14,0,0.2,"OTB_DEF_>=55_0_0",TRUE
"SERENIN ( EX MINCHOS QUINTO)","Celeiro","ARRASTRE DE FONDO EN CANTABRICO NW",531459,2020-03-03,4,3,2020,"27.8.c","OTB_DEF_>=55_0_0",193.46,2.7,41.9,7695,7933.06,0.02,0.97,0,0.01,"OTB_SPF_>=55_0_0",FALSE
"SERENIN ( EX MINCHOS QUINTO)","Celeiro","ARRASTRE DE FONDO EN CANTABRICO NW",531465,2020-03-04,5,3,2020,"27.8.c","OTB_DEF_>=55_0_0",169.52,7,30.8,31064,31271.32,0.01,0.99,0,0,"OTB_SPF_>=55_0_0",FALSE
"SERENIN ( EX MINCHOS QUINTO)","Celeiro","ARRASTRE DE FONDO EN CANTABRICO NW",531552,2020-03-08,9,3,2020,"27.8.c","OTB_DEF_>=55_0_0",30.54,7.3,9.22,11574,11621.06,0,1,0,0,"OTB_SPF_>=55_0_0",FALSE
"SERENIN ( EX MINCHOS QUINTO)","Celeiro","ARRASTRE DE FONDO EN CANTABRICO NW",531584,2020-03-09,10,3,2020,"27.8.c","OTB_DEF_>=55_0_0",38.62,0,0,2813,2851.62,0.01,0.99,0,0,"OTB_SPF_>=55_0_0",FALSE
"SERENIN ( EX MINCHOS QUINTO)","Celeiro","ARRASTRE DE FONDO EN CANTABRICO NW",531690,2020-03-10,11,3,2020,"27.8.c","OTB_DEF_>=55_0_0",31.3,0,0,0,31.3,1,0,0,0,"OTB_DEF_>=55_0_0",TRUE
"SERENIN ( EX MINCHOS QUINTO)","Celeiro","ARRASTRE DE FONDO EN CANTABRICO NW",531775,2020-03-11,12,3,2020,"27.8.c","OTB_DEF_>=55_0_0",33.27,0,5.3,0,38.57,0.86,0,0,0.14,"OTB_DEF_>=55_0_0",TRUE
"SERENIN ( EX MINCHOS QUINTO)","Celeiro","ARRASTRE DE FONDO EN CANTABRICO NW",531892,2020-03-12,13,3,2020,"27.8.c","OTB_DEF_>=55_0_0",17.08,0,3.8,0,20.88,0.82,0,0,0.18,"OTB_DEF_>=55_0_0",TRUE
"SERENIN ( EX MINCHOS QUINTO)","Celeiro","ARRASTRE DE FONDO EN CANTABRICO NW",534497,2020-05-06,7,5,2020,"27.8.c","OTB_DEF_>=55_0_0",368.6,3,1038.9,9741,11151.5,0.03,0.87,0,0.09,"OTB_DEF_>=55_0_0",TRUE
"SERENIN ( EX MINCHOS QUINTO)","Celeiro","ARRASTRE DE FONDO EN CANTABRICO NW",534585,2020-05-10,11,5,2020,"27.8.c","OTB_DEF_>=55_0_0",3123.46,95,2593.53,26338,32149.99,0.1,0.82,0,0.08,"OTB_DEF_>=55_0_0",TRUE
"SERENIN ( EX MINCHOS QUINTO)","Celeiro","ARRASTRE DE FONDO EN CANTABRICO NW",534631,2020-05-12,13,5,2020,"27.8.c","OTB_DEF_>=55_0_0",663.18,48,1038.21,11575,13324.4,0.05,0.87,0,0.08,"OTB_DEF_>=55_0_0",TRUE
"SERENIN ( EX MINCHOS QUINTO)","Celeiro","ARRASTRE DE FONDO EN CANTABRICO NW",534678,2020-05-13,14,5,2020,"27.8.c","OTB_DEF_>=55_0_0",239.53,1,1,18349,18590.53,0.01,0.99,0,0,"OTB_SPF_>=55_0_0",FALSE
"SERENIN ( EX MINCHOS QUINTO)","Celeiro","ARRASTRE DE FONDO EN CANTABRICO NW",534682,2020-05-14,15,5,2020,"27.8.c","OTB_DEF_>=55_0_0",169.71,0,0,10512.5,10682.21,0.02,0.98,0,0,"OTB_SPF_>=55_0_0",FALSE
"SERENIN ( EX MINCHOS QUINTO)","Celeiro","ARRASTRE DE FONDO EN CANTABRICO NW",534858,2020-05-20,21,5,2020,"27.8.c","OTB_DEF_>=55_0_0",229.86,0,28.4,10659,10917.26,0.02,0.98,0,0,"OTB_SPF_>=55_0_0",FALSE
"SERENIN ( EX MINCHOS QUINTO)","Celeiro","ARRASTRE DE FONDO EN CANTABRICO NW",534882,2020-05-21,22,5,2020,"27.8.c","OTB_DEF_>=55_0_0",292.16,16,178.54,14468.5,14955.2,0.02,0.97,0,0.01,"OTB_SPF_>=55_0_0",FALSE
"SERENIN ( EX MINCHOS QUINTO)","Celeiro","ARRASTRE DE FONDO EN CANTABRICO NW",534945,2020-05-24,25,5,2020,"27.8.c","OTB_DEF_>=55_0_0",3462.37,75,1164.08,8437,13138.45,0.26,0.64,0.01,0.09,"OTB_DEF_>=55_0_0",TRUE
"SERENIN ( EX MINCHOS QUINTO)","Celeiro","ARRASTRE DE FONDO EN CANTABRICO NW",534980,2020-05-25,26,5,2020,"27.8.c","OTB_DEF_>=55_0_0",1276.12,1.1,708.5,8050,10035.72,0.13,0.8,0,0.07,"OTB_DEF_>=55_0_0",TRUE
"SERENIN ( EX MINCHOS QUINTO)","Celeiro","ARRASTRE DE FONDO EN CANTABRICO NW",535053,2020-05-26,27,5,2020,"27.8.c","OTB_DEF_>=55_0_0",900.82,0,74,2221,3195.82,0.28,0.69,0,0.02,"OTB_DEF_>=55_0_0",TRUE
"SERENIN ( EX MINCHOS QUINTO)","Celeiro","ARRASTRE DE FONDO EN CANTABRICO NW",535136,2020-05-28,29,5,2020,"27.8.c","OTB_DEF_>=55_0_0",724.74,19,229.76,3460,4433.5,0.16,0.78,0,0.05,"OTB_DEF_>=55_0_0",TRUE
"SERENIN ( EX MINCHOS QUINTO)","Celeiro","ARRASTRE DE FONDO EN CANTABRICO NW",535182,2020-05-29,1,6,2020,"27.8.c","OTB_DEF_>=55_0_0",551.34,13,111.91,930,1606.25,0.34,0.58,0.01,0.07,"OTB_DEF_>=55_0_0",TRUE
"SERENIN ( EX MINCHOS QUINTO)","Celeiro","ARRASTRE DE FONDO EN CANTABRICO NW",535275,2020-06-04,5,6,2020,"27.8.c","OTB_DEF_>=55_0_0",1315.07,20,1425.3,2423,5183.37,0.25,0.47,0,0.27,"OTB_DEF_>=55_0_0",TRUE
"SERENIN ( EX MINCHOS QUINTO)","Celeiro","ARRASTRE DE FONDO EN CANTABRICO NW",535406,2020-06-05,8,6,2020,"27.8.c","OTB_DEF_>=55_0_0",301.14,11,112.7,1502,1926.84,0.16,0.78,0.01,0.06,"OTB_DEF_>=55_0_0",TRUE
"SERENIN ( EX MINCHOS QUINTO)","Celeiro","ARRASTRE DE FONDO EN CANTABRICO NW",535407,2020-06-07,8,6,2020,"27.8.c","OTB_DEF_>=55_0_0",1159.75,27,432.63,9660,11279.38,0.1,0.86,0,0.04,"OTB_DEF_>=55_0_0",TRUE
"SERENIN ( EX MINCHOS QUINTO)","Celeiro","ARRASTRE DE FONDO EN CANTABRICO NW",535415,2020-06-08,9,6,2020,"27.8.c","OTB_DEF_>=55_0_0",409.62,8,150.06,1737,2304.67,0.18,0.75,0,0.07,"OTB_DEF_>=55_0_0",TRUE
"SERENIN ( EX MINCHOS QUINTO)","Celeiro","ARRASTRE DE FONDO EN CANTABRICO NW",535431,2020-06-10,11,6,2020,"27.8.c","OTB_DEF_>=55_0_0",1477.48,13,955.03,754,3199.51,0.46,0.24,0,0.3,"OTB_DEF_>=55_0_0",TRUE
"SERENIN ( EX MINCHOS QUINTO)","Celeiro","ARRASTRE DE FONDO EN CANTABRICO NW",537665,2020-09-06,7,9,2020,"27.8.c","OTB_DEF_>=55_0_0",4800.71,8,1402.64,228,6439.35,0.75,0.04,0,0.22,"OTB_DEF_>=55_0_0",TRUE
"SERENIN ( EX MINCHOS QUINTO)","Celeiro","ARRASTRE DE FONDO EN CANTABRICO NW",537752,2020-09-09,10,9,2020,"27.8.c","OTB_DEF_>=55_0_0",3327.99,10.1,1487.57,340,5165.66,0.64,0.07,0,0.29,"OTB_DEF_>=55_0_0",TRUE
"SERENIN ( EX MINCHOS QUINTO)","Celeiro","ARRASTRE DE FONDO EN CANTABRICO NW",537824,2020-09-11,14,9,2020,"27.8.c","OTB_DEF_>=55_0_0",1472.88,9,999.04,480,2960.92,0.5,0.16,0,0.34,"OTB_DEF_>=55_0_0",TRUE
"SERENIN ( EX MINCHOS QUINTO)","Celeiro","ARRASTRE DE FONDO EN CANTABRICO NW",537979,2020-09-17,18,9,2020,"27.8.c","OTB_DEF_>=55_0_0",2131.06,6,904.47,659,3700.53,0.58,0.18,0,0.24,"OTB_DEF_>=55_0_0",TRUE
"SERENIN ( EX MINCHOS QUINTO)","Celeiro","ARRASTRE DE FONDO EN CANTABRICO NW",538080,2020-09-20,21,9,2020,"27.8.c","OTB_DEF_>=55_0_0",3010.83,5,2417.19,291,5724.02,0.53,0.05,0,0.42,"OTB_DEF_>=55_0_0",TRUE
"SERENIN ( EX MINCHOS QUINTO)","Celeiro","ARRASTRE DE FONDO EN CANTABRICO NW",538128,2020-09-23,24,9,2020,"27.8.c","OTB_DEF_>=55_0_0",3308.02,13,1604.33,844,5769.35,0.57,0.15,0,0.28,"OTB_DEF_>=55_0_0",TRUE
"SERENIN ( EX MINCHOS QUINTO)","Celeiro","ARRASTRE DE FONDO EN CANTABRICO NW",538233,2020-09-24,28,9,2020,"27.8.c","OTB_DEF_>=55_0_0",184.62,0,47.01,20,251.63,0.73,0.08,0,0.19,"OTB_DEF_>=55_0_0",TRUE
"SERENIN ( EX MINCHOS QUINTO)","Celeiro","ARRASTRE DE FONDO EN CANTABRICO NW",538400,2020-10-02,5,10,2020,"27.8.c","OTB_DEF_>=55_0_0",1667.41,4.5,1721.97,99,3492.88,0.48,0.03,0,0.49,"OTB_DEF_>=55_0_0",TRUE
"SERENIN ( EX MINCHOS QUINTO)","Celeiro","ARRASTRE DE FONDO EN CANTABRICO NW",538496,2020-10-07,8,10,2020,"27.8.c","OTB_DEF_>=55_0_0",3969.83,27,1432.04,681,6109.87,0.65,0.11,0,0.23,"OTB_DEF_>=55_0_0",TRUE
"SERENIN ( EX MINCHOS QUINTO)","Celeiro","ARRASTRE DE FONDO EN CANTABRICO NW",538634,2020-10-09,12,10,2020,"27.8.c","OTB_DEF_>=55_0_0",1125.57,0,578.66,169,1873.23,0.6,0.09,0,0.31,"OTB_DEF_>=55_0_0",TRUE
"SERENIN ( EX MINCHOS QUINTO)","Celeiro","ARRASTRE DE FONDO EN CANTABRICO NW",538847,2020-10-18,19,10,2020,"27.8.c","OTB_DEF_>=55_0_0",3947.41,21,2085.42,1565,7618.83,0.52,0.21,0,0.27,"OTB_DEF_>=55_0_0",TRUE
"SERENIN ( EX MINCHOS QUINTO)","Celeiro","ARRASTRE DE FONDO EN CANTABRICO NW",539082,2020-10-21,22,10,2020,"27.8.c","OTB_DEF_>=55_0_0",2073.64,4,1435.6,702,4215.24,0.49,0.17,0,0.34,"OTB_DEF_>=55_0_0",TRUE
"SERENIN ( EX MINCHOS QUINTO)","Celeiro","ARRASTRE DE FONDO EN CANTABRICO NW",539188,2020-10-23,26,10,2020,"27.8.c","OTB_DEF_>=55_0_0",1355.88,11,489.63,154,2010.51,0.67,0.08,0.01,0.24,"OTB_DEF_>=55_0_0",TRUE
"SERENIN ( EX MINCHOS QUINTO)","Celeiro","ARRASTRE DE FONDO EN CANTABRICO NW",539482,2020-11-01,2,11,2020,"27.8.c","OTB_DEF_>=55_0_0",7058.74,93,2034.77,886,10072.51,0.7,0.09,0.01,0.2,"OTB_DEF_>=55_0_0",TRUE
"SERENIN ( EX MINCHOS QUINTO)","Celeiro","ARRASTRE DE FONDO EN CANTABRICO NW",539489,2020-11-02,3,11,2020,"27.8.c","OTB_DEF_>=55_0_0",849,28,361.74,329,1567.74,0.54,0.21,0.02,0.23,"OTB_DEF_>=55_0_0",TRUE
"SERENIN ( EX MINCHOS QUINTO)","Celeiro","ARRASTRE DE FONDO EN CANTABRICO NW",539806,2020-11-06,9,11,2020,"27.8.c","OTB_DEF_>=55_0_0",3966.11,54,1467.92,1727,7215.03,0.55,0.24,0.01,0.2,"OTB_DEF_>=55_0_0",TRUE
"SERENIN ( EX MINCHOS QUINTO)","Celeiro","ARRASTRE DE FONDO EN CANTABRICO NW",552392,2020-11-18,19,11,2020,"27.8.c","OTB_DEF_>=55_0_0",3684.75,28,1830.51,72,5615.26,0.66,0.01,0,0.33,"OTB_DEF_>=55_0_0",TRUE
"SERENIN ( EX MINCHOS QUINTO)","Celeiro","ARRASTRE DE FONDO EN CANTABRICO NW",552703,2020-11-25,26,11,2020,"27.8.c","OTB_DEF_>=55_0_0",2400.43,11,1038.2,1283,4732.63,0.51,0.27,0,0.22,"OTB_DEF_>=55_0_0",TRUE
"SERENIN ( EX MINCHOS QUINTO)","Celeiro","ARRASTRE DE FONDO EN CANTABRICO NW",552806,2020-11-29,30,11,2020,"27.8.c","OTB_DEF_>=55_0_0",2734.87,27,1417.5,1580,5759.37,0.47,0.27,0,0.25,"OTB_DEF_>=55_0_0",TRUE
"SERENIN ( EX MINCHOS QUINTO)","Celeiro","ARRASTRE DE FONDO EN CANTABRICO NW",552966,2020-12-02,3,12,2020,"27.8.c","OTB_DEF_>=55_0_0",2612.31,10,1286.58,1219,5127.89,0.51,0.24,0,0.25,"OTB_DEF_>=55_0_0",TRUE
"SERENIN ( EX MINCHOS QUINTO)","Celeiro","ARRASTRE DE FONDO EN CANTABRICO NW",553019,2020-12-03,4,12,2020,"27.8.c","OTB_DEF_>=55_0_0",561.21,26,403.27,102,1092.48,0.51,0.09,0.02,0.37,"OTB_DEF_>=55_0_0",TRUE
"SERENIN ( EX MINCHOS QUINTO)","Celeiro","ARRASTRE DE FONDO EN CANTABRICO NW",553092,2020-12-09,10,12,2020,"27.8.c","OTB_DEF_>=55_0_0",1119.71,11.5,373.05,3961.5,5465.76,0.2,0.72,0,0.07,"OTB_DEF_>=55_0_0",TRUE
"SERENIN ( EX MINCHOS QUINTO)","Celeiro","ARRASTRE DE FONDO EN CANTABRICO NW",553103,2020-12-11,11,12,2020,"27.8.c","OTB_DEF_>=55_0_0",483.69,244,497.76,16,1241.45,0.39,0.01,0.2,0.4,"OTB_DEF_>=55_0_0",TRUE
"SERENIN ( EX MINCHOS QUINTO)","Celeiro","ARRASTRE DE FONDO EN CANTABRICO NW",553125,2020-11-15,16,11,2020,"27.8.c","OTB_DEF_>=55_0_0",3034.58,78,1400.02,72,4584.6,0.66,0.02,0.02,0.31,"OTB_DEF_>=55_0_0",TRUE
"SERENIN ( EX MINCHOS QUINTO)","Celeiro","ARRASTRE DE FONDO EN CANTABRICO NW",553162,2020-12-14,15,12,2020,"27.8.c","OTB_DEF_>=55_0_0",1711.93,32,934.03,2774,5451.96,0.31,0.51,0.01,0.17,"OTB_DEF_>=55_0_0",TRUE
"SERENIN ( EX MINCHOS QUINTO)","Celeiro","ARRASTRE DE FONDO EN CANTABRICO NW",553211,2020-12-15,16,12,2020,"27.8.c","OTB_DEF_>=55_0_0",422.77,228,244.84,7138.5,8034.11,0.05,0.89,0.03,0.03,"OTB_DEF_>=55_0_0",TRUE
"SERENIN ( EX MINCHOS QUINTO)","Celeiro","ARRASTRE DE FONDO EN CANTABRICO NW",553330,2020-12-17,18,12,2020,"27.8.c","OTB_DEF_>=55_0_0",1037.3,756,672.12,375,2840.42,0.37,0.13,0.27,0.24,"OTB_DEF_>=55_0_0",TRUE
"SERENIN ( EX MINCHOS QUINTO)","Celeiro","ARRASTRE DE FONDO EN CANTABRICO NW",553420,2020-12-18,21,12,2020,"27.8.c","OTB_DEF_>=55_0_0",465.37,275,372.85,50,1163.22,0.4,0.04,0.24,0.32,"OTB_DEF_>=55_0_0",TRUE
"VILABOA UNO","Santander","ARRASTRE DE FONDO EN CANTABRICO NW",534553,2020-05-12,12,5,2020,"27.8.c","OTB_DEF_>=55_0_0",101.38,0,0,7892,7993.38,0.01,0.99,0,0,"OTB_SPF_>=55_0_0",FALSE
"VILABOA UNO","Santander","ARRASTRE DE FONDO EN CANTABRICO NW",534640,2020-05-13,14,5,2020,"27.8.c","OTB_DEF_>=55_0_0",104.69,0,0,5932,6036.69,0.02,0.98,0,0,"OTB_SPF_>=55_0_0",FALSE
"VILABOA UNO","Santander","ARRASTRE DE FONDO EN CANTABRICO NW",534727,2020-05-19,19,5,2020,"27.8.c","OTB_DEF_>=55_0_0",229.71,0,47,7885,8161.71,0.03,0.97,0,0.01,"OTB_SPF_>=55_0_0",FALSE
