"Metier";"Puerto.venta";"Trimestre";"Especie.comercial.Gen";"Especie.comercial";"Especie.muestreada";"Peso";"TripSamp"
"GNS_DEF_>=100_0_0";"Bermeo";1;"Palometa roja (Beryx decadactylus)";"Palometa roja (Beryx decadactylus)";"Palometa roja (Beryx decadactylus)";1,424479821;1
"GNS_DEF_>=100_0_0";"Bermeo";1;"Rapes Lophius";"Rape blanco";"Rape blanco";3916,8;5
"GNS_DEF_>=100_0_0";"Bermeo";1;"Rapes Lophius";"Rape negro";"Rape negro";269,022440257;5
"GNS_DEF_>=100_0_0";"Bermeo";4;"Rapes Lophius";"Rape blanco";"Rape blanco";1627,2;1
"GNS_DEF_60-79_0_0";"Bermeo";1;"Chicharro Negro";"Chicharro Negro";"Chicharro Negro";8,167788877;1
"GNS_DEF_60-79_0_0";"Bermeo";1;"Chopa";"Chopa";"Chopa";3,117021344;1
"GNS_DEF_60-79_0_0";"Bermeo";1;"Estornino del Atlantico";"Estornino del Atlantico";"Estornino del Atlantico";1,505897247;1
"GNS_DEF_60-79_0_0";"Bermeo";1;"Fanecas spp";"Faneca comun";"Faneca comun";10,89;1
"GNS_DEF_60-79_0_0";"Bermeo";1;"Gallos - ollarra";"Gallos - ollarra";"Gallo whiffiagonis";0,655726593;1
"GNS_DEF_60-79_0_0";"Bermeo";1;"Lenguado";"Lenguado";"Lenguado";28,98;1
"GNS_DEF_60-79_0_0";"Bermeo";1;"Maragota - durdo";"Maragota - durdo";"Maragota - durdo";2,980872357;1
"GNS_DEF_60-79_0_0";"Bermeo";1;"Merluza europea";"Merluza europea";"Merluza europea";247,50540506;2
"GNS_DEF_60-79_0_0";"Bermeo";1;"Pez de San Pedro";"Pez de San Pedro";"Pez de San Pedro";2,5;1
"GNS_DEF_60-79_0_0";"Bermeo";1;"Pintarroja";"Pintarroja";"Pintarroja";53,1;1
"GNS_DEF_60-79_0_0";"Bermeo";1;"Rapes Lophius";"Rape blanco";"Rape blanco";362,4;1
"GNS_DEF_60-79_0_0";"Bermeo";1;"Rapes Lophius";"Rape negro";"Rape negro";112,057435816;2
"GNS_DEF_60-79_0_0";"Bermeo";1;"Rascacios, Cabrachos (Scorpaena spp.)";"Cabracho";"Cabracho";3,513449317;1
"GNS_DEF_60-79_0_0";"Bermeo";1;"Rascacios, Cabrachos (Scorpaena spp.)";"Rascacio";"Rascacio";0,4;1
"GNS_DEF_60-79_0_0";"Bermeo";1;"Sargo mojarra";"Sargo mojarra";"Sargo breado";0,5;2
"GNS_DEF_60-79_0_0";"Bermeo";1;"Sargo mojarra";"Sargo mojarra";"Sargo mojarra";16,215547127;2
"GNS_DEF_60-79_0_0";"Bermeo";1;"Triglidos";"Bejel";"Bejel";5,3;1
"GNS_DEF_60-79_0_0";"Bermeo";1;"Verdel - Caballa";"Verdel - Caballa";"Verdel - Caballa";20,4;2
"GNS_DEF_60-79_0_0";"Bermeo";1;"Verrugato de fango";"Verrugato de fango";"Verrugato de fango";7,3536048;1
"GNS_DEF_60-79_0_0";"Bermeo";2;"Aligote";"Aligote";"Aligote";9,59;1
"GNS_DEF_60-79_0_0";"Bermeo";2;"Breca";"Breca";"Breca";38,71;1
"GNS_DEF_60-79_0_0";"Bermeo";2;"Escorpora - obispo";"Escorpora - obispo";"Escorpora - obispo";6,822217209;1
"GNS_DEF_60-79_0_0";"Bermeo";2;"Gallos - ollarra";"Gallo whiffiagonis";"Gallo whiffiagonis";1,470829149;2
"GNS_DEF_60-79_0_0";"Bermeo";2;"Lenguado";"Lenguado";"Lenguado";0,424943823;1
"GNS_DEF_60-79_0_0";"Bermeo";2;"Maragota - durdo";"Maragota - durdo";"Maragota - durdo";31,200307537;3
"GNS_DEF_60-79_0_0";"Bermeo";2;"Merluza europea";"Merluza europea";"Merluza europea";14,418118022;2
"GNS_DEF_60-79_0_0";"Bermeo";2;"Musola";"Musola";"Musola";15,1384;1
"GNS_DEF_60-79_0_0";"Bermeo";2;"Musola dentuda - musola estrellada";"Musola dentuda - musola estrellada";"Musola dentuda - musola estrellada";3,77862052;1
"GNS_DEF_60-79_0_0";"Bermeo";2;"Pez de San Pedro";"Pez de San Pedro";"Pez de San Pedro";8,241613146;3
"GNS_DEF_60-79_0_0";"Bermeo";2;"Rapes Lophius";"Rape blanco";"Rape blanco";750,91065555;6
"GNS_DEF_60-79_0_0";"Bermeo";2;"Rapes Lophius";"Rape negro";"Rape negro";1895,437603;6
"GNS_DEF_60-79_0_0";"Bermeo";2;"Rascacios, Cabrachos (Scorpaena spp.)";"Cabracho";"Cabracho";20,055594406;4
"GNS_DEF_60-79_0_0";"Bermeo";2;"Rascacios, Cabrachos (Scorpaena spp.)";"Rascacio";"Rascacio";154,347785231;3
"GNS_DEF_60-79_0_0";"Bermeo";2;"Remol - Corujo";"Remol - Corujo";"Remol - Corujo";50,082638184;3
"GNS_DEF_60-79_0_0";"Bermeo";2;"Rodaballo";"Rodaballo";"Rodaballo";17,594080883;3
"GNS_DEF_60-79_0_0";"Bermeo";2;"Salmonete de roca";"Salmonete de roca";"Salmonete de roca";17,184222413;2
"GNS_DEF_60-79_0_0";"Bermeo";2;"Triglidos";"Bejel";"Bejel";9,547306415;3
"GNS_DEF_60-79_0_0";"Bermeo";2;"Triglidos";"Garneo";"Garneo";4,782710211;1
"GNS_DEF_60-79_0_0";"Bermeo";2;"Triglidos";"Perlon";"Perlon";4,4;1
"GNS_DEF_60-79_0_0";"Bermeo";2;"Triglidos";"Triglidos";"Arete oscuro ";5,004664258;1
"GNS_DEF_60-79_0_0";"Bermeo";2;"Verdel - Caballa";"Verdel - Caballa";"Verdel - Caballa";15,443039455;2
"GNS_DEF_60-79_0_0";"Bermeo";3;"Bonito Atlantico";"Bonito Atlantico";"Bonito Atlantico";19,916045143;1
"GNS_DEF_60-79_0_0";"Bermeo";3;"Bonito del Norte";"Bonito del Norte";"Bonito del Norte";477;1
"GNS_DEF_60-79_0_0";"Bermeo";3;"Breca";"Breca";"Breca";64,5;1
"GNS_DEF_60-79_0_0";"Bermeo";3;"Chicharro Negro";"Chicharro Negro";"Chicharro Negro";16,9;1
"GNS_DEF_60-79_0_0";"Bermeo";3;"Chopa";"Chopa";"Chopa";3;1
"GNS_DEF_60-79_0_0";"Bermeo";3;"Corvallo";"Corvallo";"Verrugato de fango";5,5;1
"GNS_DEF_60-79_0_0";"Bermeo";3;"Corvina";"Corvina";"Verrugato fusco";2,401608761;1
"GNS_DEF_60-79_0_0";"Bermeo";3;"Denton";"Denton";"Denton";6;1
"GNS_DEF_60-79_0_0";"Bermeo";3;"Desconocido";"Desconocido";"Chicharro Negro";15,6;1
"GNS_DEF_60-79_0_0";"Bermeo";3;"Estornino del Atlantico";"Estornino del Atlantico";"Estornino del Atlantico";19,8;1
"GNS_DEF_60-79_0_0";"Bermeo";3;"Fanecas spp";"Faneca comun";"Faneca comun";17,49;2
"GNS_DEF_60-79_0_0";"Bermeo";3;"Herrera";"Herrera";"Herrera";2,93027316;1
"GNS_DEF_60-79_0_0";"Bermeo";3;"Merluza europea";"Merluza europea";"Merluza europea";54,846680573;2
"GNS_DEF_60-79_0_0";"Bermeo";3;"Rascacios, Cabrachos (Scorpaena spp.)";"Cabracho";"Rascacio";1,948845902;1
"GNS_DEF_60-79_0_0";"Bermeo";3;"Salmonete de roca";"Salmonete de roca";"Salmonete de roca";10,1;1
"GNS_DEF_60-79_0_0";"Bermeo";3;"Salmonetes (Mullus spp)";"Salmonetes (Mullus spp)";"Salmonete de roca";67,4;1
"GNS_DEF_60-79_0_0";"Bermeo";3;"Sargo mojarra";"Sargo mojarra";"Sargo mojarra";2,309446839;1
"GNS_DEF_60-79_0_0";"Bermeo";3;"Triglidos";"Perlon";"Bejel";4;1
"GNS_DEF_60-79_0_0";"Bermeo";4;"Aligote";"Aligote";"Aligote";1,97;1
"GNS_DEF_60-79_0_0";"Bermeo";4;"Breca";"Breca";"Breca";117,1;4
"GNS_DEF_60-79_0_0";"Bermeo";4;"Cabrilla";"Cabrilla";"Cabrilla";20,3;1
"GNS_DEF_60-79_0_0";"Bermeo";4;"Chicharro Negro";"Chicharro Negro";"Chicharro Negro";39;2
"GNS_DEF_60-79_0_0";"Bermeo";4;"Chopa";"Chopa";"Chopa";1,73;1
"GNS_DEF_60-79_0_0";"Bermeo";4;"Corvallo";"Corvallo";"Verrugato de fango";30,5;2
"GNS_DEF_60-79_0_0";"Bermeo";4;"Corvina";"Corvina";"Verrugato fusco";7,93;2
"GNS_DEF_60-79_0_0";"Bermeo";4;"Denton";"Denton";"Denton";0,6;1
"GNS_DEF_60-79_0_0";"Bermeo";4;"Fanecas spp";"Faneca comun";"Faneca comun";210,4;5
"GNS_DEF_60-79_0_0";"Bermeo";4;"Gallos - ollarra";"Gallos - ollarra";"Gallo whiffiagonis";0,53;1
"GNS_DEF_60-79_0_0";"Bermeo";4;"Lenguado";"Lenguado";"Lenguado";61,725;5
"GNS_DEF_60-79_0_0";"Bermeo";4;"Lenguado";"Lenguado";"Lenguado de arena";4,05;5
"GNS_DEF_60-79_0_0";"Bermeo";4;"Lubina";"Lubina";"Lubina";2,94;1
"GNS_DEF_60-79_0_0";"Bermeo";4;"Maragota - durdo";"Maragota - durdo";"Maragota - durdo";1,58;1
"GNS_DEF_60-79_0_0";"Bermeo";4;"Merluza europea";"Merluza europea";"Merluza europea";342,5444;6
"GNS_DEF_60-79_0_0";"Bermeo";4;"Pardete";"Pardete";"Pardete";13,39;1
"GNS_DEF_60-79_0_0";"Bermeo";4;"Pez de San Pedro";"Pez de San Pedro";"Pez de San Pedro";4;1
"GNS_DEF_60-79_0_0";"Bermeo";4;"Pez de San Pedro";"Pez de San Pedro";"Sargo mojarra";6,3;1
"GNS_DEF_60-79_0_0";"Bermeo";4;"Platija europea";"Platija europea";"Remol - Corujo";1,04;1
"GNS_DEF_60-79_0_0";"Bermeo";4;"Rapes Lophius";"Rape blanco";"Rape blanco";122,76;3
"GNS_DEF_60-79_0_0";"Bermeo";4;"Rapes Lophius";"Rape negro";"Rape negro";182,98;2
"GNS_DEF_60-79_0_0";"Bermeo";4;"Rascacios, Cabrachos (Scorpaena spp.)";"Cabracho";"Cabracho";16,1;4
"GNS_DEF_60-79_0_0";"Bermeo";4;"Rascacios, Cabrachos (Scorpaena spp.)";"Cabracho";"Rascacio";5,14;4
"GNS_DEF_60-79_0_0";"Bermeo";4;"Remol - Corujo";"Remol - Corujo";"Remol - Corujo";1,13;1
"GNS_DEF_60-79_0_0";"Bermeo";4;"Salema - salpa";"Salema - salpa";"Salema - salpa";28,6;1
"GNS_DEF_60-79_0_0";"Bermeo";4;"Salmonete de roca";"Salmonete de roca";"Salmonete de roca";0,54;1
"GNS_DEF_60-79_0_0";"Bermeo";4;"Salmonetes (Mullus spp)";"Salmonetes (Mullus spp)";"Salmonete de roca";173;3
"GNS_DEF_60-79_0_0";"Bermeo";4;"Sargo mojarra";"Sargo mojarra";"Sargo mojarra";6,11;2
"GNS_DEF_60-79_0_0";"Bermeo";4;"Triglidos";"Perlon";"Bejel";28,9;3
"GNS_DEF_60-79_0_0";"Bermeo";4;"Triglidos";"Perlon";"Cuco - Peona";5,2;3
"GNS_DEF_60-79_0_0";"Bermeo";4;"Triglidos";"Perlon";"Garneo";8,3;3
"GNS_DEF_60-79_0_0";"Bermeo";4;"Triglidos";"Perlon";"Rubio";1,3;3
"GNS_DEF_60-79_0_0";"Bermeo";4;"Verdel - Caballa";"Verdel - Caballa";"Verdel - Caballa";72,5;1
"GNS_DEF_60-79_0_0";"Bermeo";4;"Verrugato fusco";"Verrugato fusco";"Verrugato de fango";2,52;1
"GNS_DEF_60-79_0_0";"Getaria";1;"Verdel - Caballa";"Verdel - Caballa";"Verdel - Caballa";47,7;1
"GNS_DEF_60-79_0_0";"Getaria";4;"Desconocido";"Desconocido";"Verdel - Caballa";47,7;1
"GNS_DEF_60-79_0_0";"Lekeitio";1;"Aligote";"Aligote";"Aligote";0,84;1
"GNS_DEF_60-79_0_0";"Lekeitio";1;"Breca";"Breca";"Breca";0,22;1
"GNS_DEF_60-79_0_0";"Lekeitio";1;"Chicharro Negro";"Chicharro Negro";"Chicharro Negro";25;1
"GNS_DEF_60-79_0_0";"Lekeitio";1;"Estornino del Atlantico";"Estornino del Atlantico";"Estornino del Atlantico";6;1
"GNS_DEF_60-79_0_0";"Lekeitio";1;"Fanecas spp";"Faneca comun";"Faneca comun";13,057;2
"GNS_DEF_60-79_0_0";"Lekeitio";1;"Lenguado";"Lenguado";"Lenguado";64,2915;3
"GNS_DEF_60-79_0_0";"Lekeitio";1;"Merluza europea";"Merluza europea";"Merluza europea";93,91244;4
"GNS_DEF_60-79_0_0";"Lekeitio";1;"Pez de San Pedro";"Pez de San Pedro";"Pez de San Pedro";1,372103256;1
"GNS_DEF_60-79_0_0";"Lekeitio";1;"Rapes Lophius";"Rape blanco";"Rape blanco";34,812;2
"GNS_DEF_60-79_0_0";"Lekeitio";1;"Rascacios, Cabrachos (Scorpaena spp.)";"Rascacio";"Rascacio";0,280928338;1
"GNS_DEF_60-79_0_0";"Lekeitio";1;"Triglidos";"Bejel";"Bejel";32,03;3
"GNS_DEF_60-79_0_0";"Lekeitio";1;"Verdel - Caballa";"Verdel - Caballa";"Verdel - Caballa";30;2
"GNS_DEF_60-79_0_0";"Lekeitio";2;"Aligote";"Aligote";"Aligote";1;1
"GNS_DEF_60-79_0_0";"Lekeitio";2;"Bonito Atlantico";"Bonito Atlantico";"Bonito Atlantico";103,523377482;6
"GNS_DEF_60-79_0_0";"Lekeitio";2;"Breca";"Breca";"Breca";8,133996064;5
"GNS_DEF_60-79_0_0";"Lekeitio";2;"Cabrilla";"Cabrilla";"Cabrilla";2,634589379;3
"GNS_DEF_60-79_0_0";"Lekeitio";2;"Chicharro Negro";"Chicharro Negro";"Chicharro Negro";7,108110171;4
"GNS_DEF_60-79_0_0";"Lekeitio";2;"Corvina";"Corvina";"Corvina";0,66004477;1
"GNS_DEF_60-79_0_0";"Lekeitio";2;"Denton";"Denton";"Denton";6,156632567;2
"GNS_DEF_60-79_0_0";"Lekeitio";2;"Escorpora - obispo";"Escorpora - obispo";"Escorpora - obispo";1,92392638;3
"GNS_DEF_60-79_0_0";"Lekeitio";2;"Fanecas spp";"Faneca comun";"Faneca comun";17,325;7
"GNS_DEF_60-79_0_0";"Lekeitio";2;"Gallano";"Gallano";"Gallano";0,4;1
"GNS_DEF_60-79_0_0";"Lekeitio";2;"Gallos - ollarra";"Gallo whiffiagonis";"Gallo whiffiagonis";2,604931509;4
"GNS_DEF_60-79_0_0";"Lekeitio";2;"Lenguado";"Lenguado";"Lenguado";46,469607972;9
"GNS_DEF_60-79_0_0";"Lekeitio";2;"Lenguado de arena";"Lenguado de arena";"Lenguado de arena";0,511162538;2
"GNS_DEF_60-79_0_0";"Lekeitio";2;"Lubina";"Lubina";"Lubina";2,417974988;1
"GNS_DEF_60-79_0_0";"Lekeitio";2;"Maragota - durdo";"Maragota - durdo";"Maragota - durdo";8,263216932;4
"GNS_DEF_60-79_0_0";"Lekeitio";2;"Maruca - Juliana (Molva molva)";"Maruca - Juliana (Molva molva)";"Maruca - Juliana (Molva molva)";4,4;1
"GNS_DEF_60-79_0_0";"Lekeitio";2;"Merluza europea";"Merluza europea";"Merluza europea";90,969046403;11
"GNS_DEF_60-79_0_0";"Lekeitio";2;"Musola";"Musola";"Musola";7,5096;1
"GNS_DEF_60-79_0_0";"Lekeitio";2;"Pez de San Pedro";"Pez de San Pedro";"Pez de San Pedro";17,885196006;11
"GNS_DEF_60-79_0_0";"Lekeitio";2;"Rapes Lophius";"Rape blanco";"Rape blanco";582,767723584;15
"GNS_DEF_60-79_0_0";"Lekeitio";2;"Rapes Lophius";"Rape negro";"Rape negro";133,38;10
"GNS_DEF_60-79_0_0";"Lekeitio";2;"Rascacios, Cabrachos (Scorpaena spp.)";"Cabracho";"Cabracho";14,072509975;7
"GNS_DEF_60-79_0_0";"Lekeitio";2;"Rascacios, Cabrachos (Scorpaena spp.)";"Rascacio";"Rascacio";125,054832073;14
"GNS_DEF_60-79_0_0";"Lekeitio";2;"Rayas spp";"Raya de clavos";"Raya de clavos";149,512892868;6
"GNS_DEF_60-79_0_0";"Lekeitio";2;"Rayas spp";"Raya mosaica (undulata)";"Raya mosaica (undulata)";7,147057061;2
"GNS_DEF_60-79_0_0";"Lekeitio";2;"Rayas spp";"Raya pintada";"Raya pintada";9,51636054;3
"GNS_DEF_60-79_0_0";"Lekeitio";2;"Rayas spp";"Raya santiaguesa";"Raya santiaguesa";8,145986429;3
"GNS_DEF_60-79_0_0";"Lekeitio";2;"Remol - Corujo";"Remol - Corujo";"Remol - Corujo";44,165203089;7
"GNS_DEF_60-79_0_0";"Lekeitio";2;"Rodaballo";"Rodaballo";"Rodaballo";4,305;3
"GNS_DEF_60-79_0_0";"Lekeitio";2;"Salema - salpa";"Salema - salpa";"Salema - salpa";38,23177668;1
"GNS_DEF_60-79_0_0";"Lekeitio";2;"Salmonete de roca";"Salmonete de roca";"Salmonete de roca";24,061950714;8
"GNS_DEF_60-79_0_0";"Lekeitio";2;"Salvario - Escorpion - Escarapote - Araña";"Salvario - Escorpion - Escarapote - Araña";"Salvario - Escorpion - Escarapote - Araña";0,5;1
"GNS_DEF_60-79_0_0";"Lekeitio";2;"Sargo";"Sargo";"Sargo";11,267387407;5
"GNS_DEF_60-79_0_0";"Lekeitio";2;"Sargo breado";"Sargo breado";"Sargo breado";5,434722036;3
"GNS_DEF_60-79_0_0";"Lekeitio";2;"Sargo mojarra";"Sargo mojarra";"Sargo mojarra";1,954106111;2
"GNS_DEF_60-79_0_0";"Lekeitio";2;"Sargo picudo";"Sargo picudo";"Sargo picudo";3,52453143;1
"GNS_DEF_60-79_0_0";"Lekeitio";2;"Sepias y chocos";"Sepia comun";"Sepia comun";4,553462617;2
"GNS_DEF_60-79_0_0";"Lekeitio";2;"Triglidos";"Bejel";"Bejel";15,440670101;6
"GNS_DEF_60-79_0_0";"Lekeitio";2;"Verrugato de fango";"Verrugato de fango";"Verrugato de fango";0,15;1
"GNS_DEF_60-79_0_0";"Lekeitio";3;"Aligote";"Aligote";"Aligote";0,164459309;1
"GNS_DEF_60-79_0_0";"Lekeitio";3;"Breca";"Breca";"Breca";0,523471408;1
"GNS_DEF_60-79_0_0";"Lekeitio";3;"Chicharro Negro";"Chicharro Negro";"Chicharro Negro";12,319918383;2
"GNS_DEF_60-79_0_0";"Lekeitio";3;"Desconocido";"Desconocido";"Bejel";14,026988968;16
"GNS_DEF_60-79_0_0";"Lekeitio";3;"Desconocido";"Desconocido";"Bonito Atlantico";24,438268686;16
"GNS_DEF_60-79_0_0";"Lekeitio";3;"Desconocido";"Desconocido";"Breca";1,326283853;16
"GNS_DEF_60-79_0_0";"Lekeitio";3;"Desconocido";"Desconocido";"Cabracho";5,443138571;16
"GNS_DEF_60-79_0_0";"Lekeitio";3;"Desconocido";"Desconocido";"Cabrilla";18,455759743;16
"GNS_DEF_60-79_0_0";"Lekeitio";3;"Desconocido";"Desconocido";"Chicharro Blanco";4,302063584;16
"GNS_DEF_60-79_0_0";"Lekeitio";3;"Desconocido";"Desconocido";"Chicharro Negro";48,8;16
"GNS_DEF_60-79_0_0";"Lekeitio";3;"Desconocido";"Desconocido";"Chopa";3,579319294;16
"GNS_DEF_60-79_0_0";"Lekeitio";3;"Desconocido";"Desconocido";"Denton";1,5;16
"GNS_DEF_60-79_0_0";"Lekeitio";3;"Desconocido";"Desconocido";"Faneca comun";36,08;16
"GNS_DEF_60-79_0_0";"Lekeitio";3;"Desconocido";"Desconocido";"Gallo whiffiagonis";1,59;16
"GNS_DEF_60-79_0_0";"Lekeitio";3;"Desconocido";"Desconocido";"Lenguado";8,9775;16
"GNS_DEF_60-79_0_0";"Lekeitio";3;"Desconocido";"Desconocido";"Lenguado de arena";0,722441448;16
"GNS_DEF_60-79_0_0";"Lekeitio";3;"Desconocido";"Desconocido";"Maragota - durdo";1;16
"GNS_DEF_60-79_0_0";"Lekeitio";3;"Desconocido";"Desconocido";"Melva (rochei)";16;16
"GNS_DEF_60-79_0_0";"Lekeitio";3;"Desconocido";"Desconocido";"Merluza europea";52,4552;16
"GNS_DEF_60-79_0_0";"Lekeitio";3;"Desconocido";"Desconocido";"Rape blanco";30;16
"GNS_DEF_60-79_0_0";"Lekeitio";3;"Desconocido";"Desconocido";"Rape negro";55,44;16
"GNS_DEF_60-79_0_0";"Lekeitio";3;"Desconocido";"Desconocido";"Rascacio";11,586816631;16
"GNS_DEF_60-79_0_0";"Lekeitio";3;"Desconocido";"Desconocido";"Remol - Corujo";1,155;16
"GNS_DEF_60-79_0_0";"Lekeitio";3;"Desconocido";"Desconocido";"Rodaballo";1,995;16
"GNS_DEF_60-79_0_0";"Lekeitio";3;"Desconocido";"Desconocido";"Salmonete de roca";13,5;16
"GNS_DEF_60-79_0_0";"Lekeitio";3;"Desconocido";"Desconocido";"Sargo breado";2,854106111;16
"GNS_DEF_60-79_0_0";"Lekeitio";3;"Desconocido";"Desconocido";"Verrugato de fango";7,686624;16
"GNS_DEF_60-79_0_0";"Lekeitio";3;"Escorpora - obispo";"Escorpora - obispo";"Escorpora - obispo";1,634256338;1
"GNS_DEF_60-79_0_0";"Lekeitio";3;"Estornino del Pacifico";"Estornino del Pacifico";"Estornino del Atlantico";10;1
"GNS_DEF_60-79_0_0";"Lekeitio";3;"Fanecas spp";"Faneca comun";"Faneca comun";156,86;7
"GNS_DEF_60-79_0_0";"Lekeitio";3;"Lenguado";"Lenguado";"Lenguado";18,0285;4
"GNS_DEF_60-79_0_0";"Lekeitio";3;"Merluza europea";"Merluza europea";"Merluza europea";380,19;8
"GNS_DEF_60-79_0_0";"Lekeitio";3;"Pez de San Pedro";"Pez de San Pedro";"Pez de San Pedro";2,640959728;2
"GNS_DEF_60-79_0_0";"Lekeitio";3;"Rapes Lophius";"Rape blanco";"Rape blanco";235,44;8
"GNS_DEF_60-79_0_0";"Lekeitio";3;"Rapes Lophius";"Rape negro";"Rape negro";16,8;1
"GNS_DEF_60-79_0_0";"Lekeitio";3;"Rascacios, Cabrachos (Scorpaena spp.)";"Cabracho";"Cabracho";5,5;4
"GNS_DEF_60-79_0_0";"Lekeitio";3;"Rascacios, Cabrachos (Scorpaena spp.)";"Cabracho";"Rascacio";2,4;4
"GNS_DEF_60-79_0_0";"Lekeitio";3;"Rascacios, Cabrachos (Scorpaena spp.)";"Rascacio";"Rascacio";78;2
"GNS_DEF_60-79_0_0";"Lekeitio";3;"Salmonete de roca";"Salmonete de roca";"Salmonete de roca";60;2
"GNS_DEF_60-79_0_0";"Lekeitio";3;"Salmonetes (Mullus spp)";"Salmonetes (Mullus spp)";"Salmonete de roca";414,4439821;10
"GNS_DEF_60-79_0_0";"Lekeitio";3;"Sargo";"Sargo";"Sargo";0,819862161;1
"GNS_DEF_60-79_0_0";"Lekeitio";3;"Sargo";"Sargo";"Sargo breado";8,642581145;1
"GNS_DEF_60-79_0_0";"Lekeitio";3;"Sargo";"Sargo";"Sargo picudo";1,432591498;1
"GNS_DEF_60-79_0_0";"Lekeitio";3;"Sargo mojarra";"Sargo mojarra";"Sargo";0,750307243;1
"GNS_DEF_60-79_0_0";"Lekeitio";3;"Serrano";"Serrano";"Cabrilla";20;1
"GNS_DEF_60-79_0_0";"Lekeitio";3;"Verrugato de fango";"Verrugato de fango";"Verrugato de fango";1,35288;1
"GNS_DEF_60-79_0_0";"Lekeitio";4;"Breca";"Breca";"Aligote";6;7
"GNS_DEF_60-79_0_0";"Lekeitio";4;"Breca";"Breca";"Breca";45,13;7
"GNS_DEF_60-79_0_0";"Lekeitio";4;"Breca";"Breca";"Denton";3;7
"GNS_DEF_60-79_0_0";"Lekeitio";4;"Chicharro Negro";"Chicharro Negro";"Chicharro Negro";106,4;5
"GNS_DEF_60-79_0_0";"Lekeitio";4;"Corvallo";"Corvallo";"Verrugato de fango";16,5;2
"GNS_DEF_60-79_0_0";"Lekeitio";4;"Corvina";"Corvina";"Corvina";8,2;1
"GNS_DEF_60-79_0_0";"Lekeitio";4;"Denton";"Denton";"Denton";0,67;1
"GNS_DEF_60-79_0_0";"Lekeitio";4;"Desconocido";"Desconocido";"Abadejo";1,13;16
"GNS_DEF_60-79_0_0";"Lekeitio";4;"Desconocido";"Desconocido";"Aligote";1,5;16
"GNS_DEF_60-79_0_0";"Lekeitio";4;"Desconocido";"Desconocido";"Bejel";16,7;16
"GNS_DEF_60-79_0_0";"Lekeitio";4;"Desconocido";"Desconocido";"Bonito Atlantico";3;16
"GNS_DEF_60-79_0_0";"Lekeitio";4;"Desconocido";"Desconocido";"Breca";1,7;16
"GNS_DEF_60-79_0_0";"Lekeitio";4;"Desconocido";"Desconocido";"Cabrilla";5,31;16
"GNS_DEF_60-79_0_0";"Lekeitio";4;"Desconocido";"Desconocido";"Chicharro Negro";11,97;16
"GNS_DEF_60-79_0_0";"Lekeitio";4;"Desconocido";"Desconocido";"Estornino del Atlantico";2,6;16
"GNS_DEF_60-79_0_0";"Lekeitio";4;"Desconocido";"Desconocido";"Faneca comun";8,36;16
"GNS_DEF_60-79_0_0";"Lekeitio";4;"Desconocido";"Desconocido";"Lenguado de arena";0,24;16
"GNS_DEF_60-79_0_0";"Lekeitio";4;"Desconocido";"Desconocido";"Maragota - durdo";4,8;16
"GNS_DEF_60-79_0_0";"Lekeitio";4;"Desconocido";"Desconocido";"Merluza europea";41,325;16
"GNS_DEF_60-79_0_0";"Lekeitio";4;"Desconocido";"Desconocido";"Pez de San Pedro";1,63;16
"GNS_DEF_60-79_0_0";"Lekeitio";4;"Desconocido";"Desconocido";"Rascacio";3,27;16
"GNS_DEF_60-79_0_0";"Lekeitio";4;"Desconocido";"Desconocido";"Salmonete de roca";2,7;16
"GNS_DEF_60-79_0_0";"Lekeitio";4;"Desconocido";"Desconocido";"Sargo breado";1,8;16
"GNS_DEF_60-79_0_0";"Lekeitio";4;"Desconocido";"Desconocido";"Sargo mojarra";0,4;16
"GNS_DEF_60-79_0_0";"Lekeitio";4;"Desconocido";"Desconocido";"Verdel - Caballa";45,46;16
"GNS_DEF_60-79_0_0";"Lekeitio";4;"Desconocido";"Desconocido";"Verrugato de fango";21,866933789;16
"GNS_DEF_60-79_0_0";"Lekeitio";4;"Desconocido";"Desconocido";"Verrugato fusco";22,123066215;16
"GNS_DEF_60-79_0_0";"Lekeitio";4;"Diablillo antartico (DEA)";"Diablillo antartico (DEA)";"Verdel - Caballa";20;1
"GNS_DEF_60-79_0_0";"Lekeitio";4;"Dysomma anguillare (DEA)";"Dysomma anguillare (DEA)";"Dorada";4,12;1
"GNS_DEF_60-79_0_0";"Lekeitio";4;"Fanecas spp";"Faneca comun";"Faneca comun";166,32;9
"GNS_DEF_60-79_0_0";"Lekeitio";4;"Lenguado";"Lenguado";"Lenguado";5;1
"GNS_DEF_60-79_0_0";"Lekeitio";4;"Lubina";"Lubina";"Lubina";7;1
"GNS_DEF_60-79_0_0";"Lekeitio";4;"Merluza europea";"Merluza europea";"Merluza europea";796,3748;14
"GNS_DEF_60-79_0_0";"Lekeitio";4;"Salmonetes (Mullus spp)";"Salmonetes (Mullus spp)";"Salmonete de roca";355,4;16
"GNS_DEF_60-79_0_0";"Lekeitio";4;"Triglidos";"Perlon";"Bejel";13;1
"GNS_DEF_60-79_0_0";"Lekeitio";4;"Verrugato fusco";"Verrugato fusco";"Verrugato de fango";46;1
"GNS_DEF_60-79_0_0";"Mutriku";4;"Fanecas spp";"Faneca comun";"Faneca comun";7,48;1
"GNS_DEF_60-79_0_0";"Mutriku";4;"Merluza europea";"Merluza europea";"Merluza europea";22,4808;1
"GNS_DEF_60-79_0_0";"Pasaia";1;"Aligote";"Aligote";"Aligote";10,95;3
"GNS_DEF_60-79_0_0";"Pasaia";1;"Breca";"Breca";"Breca";2,4;3
"GNS_DEF_60-79_0_0";"Pasaia";1;"Cabrilla";"Cabrilla";"Cabrilla";0,8;1
"GNS_DEF_60-79_0_0";"Pasaia";1;"Cazon";"Cazon";"Cazon";11,31;1
"GNS_DEF_60-79_0_0";"Pasaia";1;"Chicharro Blanco";"Chicharro Blanco";"Chicharro Blanco";5,14;2
"GNS_DEF_60-79_0_0";"Pasaia";1;"Chopa";"Chopa";"Chopa";5,14;1
"GNS_DEF_60-79_0_0";"Pasaia";1;"Corvina";"Corvina";"Corvina";0,63;1
"GNS_DEF_60-79_0_0";"Pasaia";1;"Desconocido";"Desconocido";"Salmonete de roca";0,9;1
"GNS_DEF_60-79_0_0";"Pasaia";1;"Fanecas spp";"Faneca comun";"Faneca comun";21,78;2
"GNS_DEF_60-79_0_0";"Pasaia";1;"Lenguado";"Lenguado";"Lenguado";12,449;3
"GNS_DEF_60-79_0_0";"Pasaia";1;"Lenguado de arena";"Lenguado de arena";"Lenguado de arena";0,4;1
"GNS_DEF_60-79_0_0";"Pasaia";1;"Merluza europea";"Merluza europea";"Merluza europea";103,6054;8
"GNS_DEF_60-79_0_0";"Pasaia";1;"Pardete";"Pardete";"Pardete";1,9;1
"GNS_DEF_60-79_0_0";"Pasaia";1;"Rapes Lophius";"Rape blanco";"Rape blanco";13,98;2
"GNS_DEF_60-79_0_0";"Pasaia";1;"Rascacios, Cabrachos (Scorpaena spp.)";"Cabracho";"Rascacio";0,35;1
"GNS_DEF_60-79_0_0";"Pasaia";1;"Rayas spp";"Raya de clavos";"Raya de clavos";18,2;1
"GNS_DEF_60-79_0_0";"Pasaia";1;"Salmonete de roca";"Salmonete de roca";"Salmonete de roca";11,44;1
"GNS_DEF_60-79_0_0";"Pasaia";1;"Sargo";"Sargo";"Sargo";12,07;2
"GNS_DEF_60-79_0_0";"Pasaia";1;"Sargo breado";"Sargo breado";"Sargo breado";0,8;1
"GNS_DEF_60-79_0_0";"Pasaia";1;"Sargo mojarra";"Sargo mojarra";"Sargo mojarra";3,96;1
"GNS_DEF_60-79_0_0";"Pasaia";1;"Sepias y chocos";"Sepia comun";"Sepia comun";7,2;4
"GNS_DEF_60-79_0_0";"Pasaia";1;"Triglidos";"Bejel";"Bejel";19,06;2
"GNS_DEF_60-79_0_0";"Pasaia";1;"Verdel - Caballa";"Verdel - Caballa";"Verdel - Caballa";2959,83;7
"GNS_DEF_60-79_0_0";"Pasaia";1;"Verrugato de fango";"Verrugato de fango";"Verrugato de fango";8,6;2
"GNS_DEF_60-79_0_0";"Pasaia";2;"Abadejo";"Abadejo";"Abadejo";2,585;3
"GNS_DEF_60-79_0_0";"Pasaia";2;"Aligote";"Aligote";"Aligote";7,145717884;6
"GNS_DEF_60-79_0_0";"Pasaia";2;"Boga";"Boga";"Boga";35,68;2
"GNS_DEF_60-79_0_0";"Pasaia";2;"Bonito Atlantico";"Bonito Atlantico";"Bonito Atlantico";45,997979851;6
"GNS_DEF_60-79_0_0";"Pasaia";2;"Breca";"Breca";"Aligote";3,14;11
"GNS_DEF_60-79_0_0";"Pasaia";2;"Breca";"Breca";"Breca";36,744282116;11
"GNS_DEF_60-79_0_0";"Pasaia";2;"Cabrilla";"Cabrilla";"Cabrilla";43,080430751;15
"GNS_DEF_60-79_0_0";"Pasaia";2;"Cabrilla";"Cabrilla";"Escorpora - obispo";4,9;15
"GNS_DEF_60-79_0_0";"Pasaia";2;"Cazon";"Cazon";"Cazon";138,41;12
"GNS_DEF_60-79_0_0";"Pasaia";2;"Cazon";"Cazon";"Musola";77;12
"GNS_DEF_60-79_0_0";"Pasaia";2;"Cazon";"Cazon";"Musola dentuda - musola estrellada";56,6;12
"GNS_DEF_60-79_0_0";"Pasaia";2;"Chicharro Blanco";"Chicharro Blanco";"Chicharro Blanco";3,1;1
"GNS_DEF_60-79_0_0";"Pasaia";2;"Chicharro Negro";"Chicharro Negro";"Chicharro Negro";43,82;5
"GNS_DEF_60-79_0_0";"Pasaia";2;"Chopa";"Chopa";"Chopa";13,94;4
"GNS_DEF_60-79_0_0";"Pasaia";2;"Congrio";"Congrio";"Congrio";193,195;5
"GNS_DEF_60-79_0_0";"Pasaia";2;"Corvina";"Corvina";"Corvina";0,72;1
"GNS_DEF_60-79_0_0";"Pasaia";2;"Desconocido";"Desconocido";"Arete oscuro ";3,19;4
"GNS_DEF_60-79_0_0";"Pasaia";2;"Desconocido";"Desconocido";"Bejel";0,96;4
"GNS_DEF_60-79_0_0";"Pasaia";2;"Desconocido";"Desconocido";"Chopa";0,357142857;4
"GNS_DEF_60-79_0_0";"Pasaia";2;"Desconocido";"Desconocido";"Cuco - Peona";8,74;4
"GNS_DEF_60-79_0_0";"Pasaia";2;"Desconocido";"Desconocido";"Pez de San Pedro";1,2;4
"GNS_DEF_60-79_0_0";"Pasaia";2;"Desconocido";"Desconocido";"Rubio";1,07;4
"GNS_DEF_60-79_0_0";"Pasaia";2;"Desconocido";"Desconocido";"Sargo";0,62;4
"GNS_DEF_60-79_0_0";"Pasaia";2;"Dorada";"Dorada";"Dorada";0,56;1
"GNS_DEF_60-79_0_0";"Pasaia";2;"Escorpora - obispo";"Escorpora - obispo";"Escorpora - obispo";17,903793666;8
"GNS_DEF_60-79_0_0";"Pasaia";2;"Estornino del Atlantico";"Estornino del Atlantico";"Estornino del Atlantico";19,8;2
"GNS_DEF_60-79_0_0";"Pasaia";2;"Fanecas spp";"Faneca comun";"Faneca comun";197,22;20
"GNS_DEF_60-79_0_0";"Pasaia";2;"Gallos - ollarra";"Gallo boscii";"Gallo boscii";0,76;1
"GNS_DEF_60-79_0_0";"Pasaia";2;"Herrera";"Herrera";"Herrera";2,85;4
"GNS_DEF_60-79_0_0";"Pasaia";2;"Lenguado";"Lenguado";"Lenguado";132,65740458;28
"GNS_DEF_60-79_0_0";"Pasaia";2;"Lenguado";"Lenguado";"Lenguado de arena";0,19;28
"GNS_DEF_60-79_0_0";"Pasaia";2;"Lenguado de arena";"Lenguado de arena";"Lenguado";0,17;8
"GNS_DEF_60-79_0_0";"Pasaia";2;"Lenguado de arena";"Lenguado de arena";"Lenguado de arena";21,78259542;8
"GNS_DEF_60-79_0_0";"Pasaia";2;"Lirio - Bacaladilla";"Lirio - Bacaladilla";"Lirio - Bacaladilla";11,49;1
"GNS_DEF_60-79_0_0";"Pasaia";2;"Lubina";"Lubina";"Lubina";1,4;1
"GNS_DEF_60-79_0_0";"Pasaia";2;"Maragota - durdo";"Maragota - durdo";"Maragota - durdo";118,729972034;9
"GNS_DEF_60-79_0_0";"Pasaia";2;"Maruca - Juliana (Molva molva)";"Maruca - Juliana (Molva molva)";"Maruca - Juliana (Molva molva)";2,35;1
"GNS_DEF_60-79_0_0";"Pasaia";2;"Melva (rochei)";"Melva (rochei)";"Melva (rochei)";2,4;1
"GNS_DEF_60-79_0_0";"Pasaia";2;"Merluza europea";"Merluza europea";"Merluza europea";506,8624;24
"GNS_DEF_60-79_0_0";"Pasaia";2;"Musola";"Musola";"Cazon";7,07;2
"GNS_DEF_60-79_0_0";"Pasaia";2;"Musola";"Musola";"Musola";23,35;2
"GNS_DEF_60-79_0_0";"Pasaia";2;"Musola dentuda - musola estrellada";"Musola dentuda - musola estrellada";"Musola dentuda - musola estrellada";34,49;1
"GNS_DEF_60-79_0_0";"Pasaia";2;"Pardete";"Pardete";"Pardete";17,97;2
"GNS_DEF_60-79_0_0";"Pasaia";2;"Pez ballesta";"Pez ballesta";"Pez ballesta";5,44;2
"GNS_DEF_60-79_0_0";"Pasaia";2;"Pez de San Pedro";"Pez de San Pedro";"Pez de San Pedro";9,661677739;5
"GNS_DEF_60-79_0_0";"Pasaia";2;"Pintarroja";"Pintarroja";"Pintarroja";25,43;2
"GNS_DEF_60-79_0_0";"Pasaia";2;"Platija europea";"Platija europea";"Platija europea";6,41;5
"GNS_DEF_60-79_0_0";"Pasaia";2;"Platija europea";"Platija europea";"Remol - Corujo";3,09;5
"GNS_DEF_60-79_0_0";"Pasaia";2;"Rapes Lophius";"Rape blanco";"Rape blanco";244,89;17
"GNS_DEF_60-79_0_0";"Pasaia";2;"Rapes Lophius";"Rape negro";"Rape negro";5,04;1
"GNS_DEF_60-79_0_0";"Pasaia";2;"Rascacios, Cabrachos (Scorpaena spp.)";"Cabracho";"Cabracho";24,403650587;32
"GNS_DEF_60-79_0_0";"Pasaia";2;"Rascacios, Cabrachos (Scorpaena spp.)";"Cabracho";"Cabrilla";1,8;32
"GNS_DEF_60-79_0_0";"Pasaia";2;"Rascacios, Cabrachos (Scorpaena spp.)";"Cabracho";"Escorpora - obispo";13,267847474;32
"GNS_DEF_60-79_0_0";"Pasaia";2;"Rascacios, Cabrachos (Scorpaena spp.)";"Cabracho";"Rascacio";281,978501936;32
"GNS_DEF_60-79_0_0";"Pasaia";2;"Rascacios, Cabrachos (Scorpaena spp.)";"Rascacio";"Rascacio";34,715775584;5
"GNS_DEF_60-79_0_0";"Pasaia";2;"Rayas spp";"Raya de clavos";"Raya de clavos";177,240690162;10
"GNS_DEF_60-79_0_0";"Pasaia";2;"Rayas spp";"Raya mosaica (undulata)";"Raya mosaica (undulata)";9,82486535;2
"GNS_DEF_60-79_0_0";"Pasaia";2;"Rayas spp";"Raya pintada";"Raya pintada";11,284444488;4
"GNS_DEF_60-79_0_0";"Pasaia";2;"Rodaballo";"Rodaballo";"Rodaballo";9,215;3
"GNS_DEF_60-79_0_0";"Pasaia";2;"Salema - salpa";"Salema - salpa";"Salema - salpa";8,97;2
"GNS_DEF_60-79_0_0";"Pasaia";2;"Salmonete de roca";"Salmonete de roca";"Salmonete de roca";198,56;35
"GNS_DEF_60-79_0_0";"Pasaia";2;"Salvario - Escorpion - Escarapote - Araña";"Salvario - Escorpion - Escarapote - Araña";"Salvario - Escorpion - Escarapote - Araña";46,7;9
"GNS_DEF_60-79_0_0";"Pasaia";2;"Sargo";"Sargo";"Sargo";221,9;19
"GNS_DEF_60-79_0_0";"Pasaia";2;"Sargo";"Sargo";"Sargo breado";1,69;19
"GNS_DEF_60-79_0_0";"Pasaia";2;"Sargo";"Sargo";"Sargo mojarra";4,61;19
"GNS_DEF_60-79_0_0";"Pasaia";2;"Sargo";"Sargo";"Sargo picudo";4,17;19
"GNS_DEF_60-79_0_0";"Pasaia";2;"Sargo breado";"Sargo breado";"Sargo breado";3,51;2
"GNS_DEF_60-79_0_0";"Pasaia";2;"Sargo mojarra";"Sargo mojarra";"Sargo mojarra";1,37;2
"GNS_DEF_60-79_0_0";"Pasaia";2;"Sepias y chocos";"Sepia comun";"Sepia comun";308,39;20
"GNS_DEF_60-79_0_0";"Pasaia";2;"Soleidos";"Acedia";"Acedia";1,575;1
"GNS_DEF_60-79_0_0";"Pasaia";2;"Triglidos";"Bejel";"Arete oscuro ";0,272680412;7
"GNS_DEF_60-79_0_0";"Pasaia";2;"Triglidos";"Bejel";"Bejel";17,917319588;7
"GNS_DEF_60-79_0_0";"Pasaia";2;"Triglidos";"Bejel";"Perlon";0,31;7
"GNS_DEF_60-79_0_0";"Pasaia";2;"Triglidos";"Perlon";"Cuco - Peona";0,561643836;1
"GNS_DEF_60-79_0_0";"Pasaia";2;"Triglidos";"Perlon";"Perlon";3,2;1
"GNS_DEF_60-79_0_0";"Pasaia";2;"Verdel - Caballa";"Verdel - Caballa";"Verdel - Caballa";165,65;11
"GNS_DEF_60-79_0_0";"Pasaia";2;"Verrugato de fango";"Verrugato de fango";"Verrugato de fango";209,662857143;25
"GNS_DEF_60-79_0_0";"Pasaia";2;"Verrugato de fango";"Verrugato de fango";"Verrugato fusco";13,65;25
"GNS_DEF_60-79_0_0";"Pasaia";4;"Desconocido";"Desconocido";"Breca";0,5;2
"GNS_DEF_60-79_0_0";"Pasaia";4;"Desconocido";"Desconocido";"Merluza europea";4,959;2
"GNS_DEF_60-79_0_0";"Pasaia";4;"Rascacios, Cabrachos (Scorpaena spp.)";"Cabracho";"Rascacio";0,3;1
"GNS_DEF_60-79_0_0";"Pasaia";4;"Salmonete de roca";"Salmonete de roca";"Salmonete de roca";0,9;1
"GNS_DEF_60-79_0_0";"Pasaia";4;"Sepias y chocos";"Sepia comun";"Sepia comun";1,2;1
"GNS_DEF_60-79_0_0";"Pasaia";4;"Verdel - Caballa";"Verdel - Caballa";"Verdel - Caballa";93,71;2
"GNS_DEF_60-79_0_0";"Santurtzi";3;"Desconocido";"Desconocido";"Cabrilla";1,129038938;1
"GNS_DEF_60-79_0_0";"Santurtzi";3;"Desconocido";"Desconocido";"Chicharro Negro";2;1
"GNS_DEF_60-79_0_0";"Santurtzi";3;"Desconocido";"Desconocido";"Faneca comun";2,64;1
"GNS_DEF_60-79_0_0";"Santurtzi";3;"Desconocido";"Desconocido";"Garneo";5,227632745;1
"GNS_DEF_60-79_0_0";"Santurtzi";3;"Desconocido";"Desconocido";"Merluza europea";9,367;1
"GNS_DEF_60-79_0_0";"Santurtzi";3;"Desconocido";"Desconocido";"Pez de San Pedro";6,066944049;1
"GNS_DEF_60-79_0_0";"Santurtzi";3;"Desconocido";"Desconocido";"Rape blanco";18,12;1
"GNS_DEF_60-79_0_0";"Santurtzi";3;"Salmonete de roca";"Salmonete de roca";"Salmonete de roca";40;1
"GNS_DEF_60-79_0_0";"Santurtzi";4;"Bonito del Norte";"Bonito del Norte";"Bonito del Norte";3111;1
"GNS_DEF_80-99_0_0";"Bermeo";1;"Triglidos";"Bejel";"Bejel";4,190995335;1
"GNS_DEF_80-99_0_0";"Bermeo";2;"Breca";"Breca";"Breca";0,6;1
"GNS_DEF_80-99_0_0";"Bermeo";2;"Escorpora - obispo";"Escorpora - obispo";"Escorpora - obispo";1,331668966;1
"GNS_DEF_80-99_0_0";"Bermeo";2;"Gallos - ollarra";"Gallo whiffiagonis";"Gallo whiffiagonis";0,477;1
"GNS_DEF_80-99_0_0";"Bermeo";2;"Lenguado";"Lenguado";"Lenguado";4,095;1
"GNS_DEF_80-99_0_0";"Bermeo";2;"Maragota - durdo";"Maragota - durdo";"Maragota - durdo";6,092367558;1
"GNS_DEF_80-99_0_0";"Bermeo";2;"Rascacios, Cabrachos (Scorpaena spp.)";"Rascacio";"Rascacio";19,368331034;1
"GNS_DEF_80-99_0_0";"Bermeo";2;"Salema - salpa";"Salema - salpa";"Salema - salpa";1,402336502;1
"GNS_DEF_80-99_0_0";"Bermeo";2;"Sargo mojarra";"Sargo mojarra";"Sargo mojarra";0,565501558;1
"GNS_DEF_80-99_0_0";"Bermeo";2;"Sargo picudo";"Sargo picudo";"Sargo picudo";1,331305641;1
"GNS_DEF_80-99_0_0";"Bermeo";2;"Verrugato de fango";"Verrugato de fango";"Verrugato de fango";0,5;1
"LHM_SPF_0_0_0";"Bermeo";1;"Verdel - Caballa";"Verdel - Caballa";"Verdel - Caballa";100882;19
"LHM_SPF_0_0_0";"Bermeo";2;"Verdel - Caballa";"Verdel - Caballa";"Verdel - Caballa";10893;5
"LHM_SPF_0_0_0";"Hondarribia";1;"Verdel - Caballa";"Verdel - Caballa";"Verdel - Caballa";97046,5;23
"LHM_SPF_0_0_0";"Lekeitio";1;"Verdel - Caballa";"Verdel - Caballa";"Verdel - Caballa";71636;24
"LHM_SPF_0_0_0";"Lekeitio";2;"Verdel - Caballa";"Verdel - Caballa";"Verdel - Caballa";9770;6
"LHM_SPF_0_0_0";"Ondarroa";1;"Verdel - Caballa";"Verdel - Caballa";"Verdel - Caballa";123594,2;28
"LHM_SPF_0_0_0";"Pasaia";1;"Aligote";"Aligote";"Aligote";0,123853398;1
"LHM_SPF_0_0_0";"Pasaia";1;"Cabrilla";"Cabrilla";"Cabrilla";0,25;1
"LHM_SPF_0_0_0";"Pasaia";1;"Chopa";"Chopa";"Chopa";0,21;1
"LHM_SPF_0_0_0";"Pasaia";1;"Fanecas spp";"Faneca comun";"Faneca comun";0,28;1
"LHM_SPF_0_0_0";"Pasaia";1;"Salmonete de roca";"Salmonete de roca";"Salmonete de roca";1,1;1
"LHM_SPF_0_0_0";"Pasaia";1;"Triglidos";"Arete oscuro ";"Arete oscuro ";0,492811084;1
"LHM_SPF_0_0_0";"Pasaia";1;"Triglidos";"Cuco - Peona";"Cuco - Peona";2,01;1
"LHM_SPF_0_0_0";"Pasaia";1;"Verdel - Caballa";"Verdel - Caballa";"Verdel - Caballa";40655,1;14
"LHM_SPF_0_0_0";"Pasaia";2;"Verdel - Caballa";"Verdel - Caballa";"Verdel - Caballa";1766,35188294;5
"LHP_LPF_0_0_0";"Getaria";2;"Bonito del Norte";"Bonito del Norte";"Bonito del Norte";19473,56947961;3
"LHP_LPF_0_0_0";"Getaria";2;"Patudo";"Patudo";"Patudo";91;1
"LHP_LPF_0_0_0";"Getaria";3;"Bonito del Norte";"Bonito del Norte";"Bonito del Norte";743921;23
"LHP_LPF_0_0_0";"Getaria";3;"Patudo";"Patudo";"Patudo";1116,10674666;14
"LHP_LPF_0_0_0";"Hondarribia";2;"Bonito del Norte";"Bonito del Norte";"Bonito del Norte";174128,5;16
"LHP_LPF_0_0_0";"Hondarribia";2;"Patudo";"Patudo";"Patudo";262,57023929;5
"LHP_LPF_0_0_0";"Hondarribia";3;"Bonito del Norte";"Bonito del Norte";"Bonito del Norte";230394,61;16
"LHP_LPF_0_0_0";"Hondarribia";3;"Desconocido";"Desconocido";"Bonito del Norte";149030,2;11
"LHP_LPF_0_0_0";"Hondarribia";3;"Desconocido";"Desconocido";"Patudo";81,6;11
"LHP_LPF_0_0_0";"Hondarribia";3;"Patudo";"Patudo";"Patudo";358,36;4
"LHP_LPF_0_0_0";"Ondarroa";2;"Bonito del Norte";"Bonito del Norte";"Bonito del Norte";34422,40647601;4
"LHP_LPF_0_0_0";"Ondarroa";3;"Bonito del Norte";"Bonito del Norte";"Bonito del Norte";257825,3110958;9
"LHP_LPF_0_0_0";"Ondarroa";3;"Desconocido";"Desconocido";"Bonito del Norte";1107;1
"LHP_LPF_0_0_0";"Ondarroa";3;"Patudo";"Patudo";"Patudo";415,42549594;3
"LLS_DEF_0_0_0";"Bermeo";1;"Besugo";"Besugo";"Besugo";1;1
"LLS_DEF_0_0_0";"Bermeo";1;"Bocanegra - colayo";"Bocanegra - colayo";"Bocanegra - colayo";75,327;1
"LLS_DEF_0_0_0";"Bermeo";1;"Brotola de fango (Phycis blennoides)";"Brotola de fango (Phycis blennoides)";"Brotola de fango (Phycis blennoides)";1,87;1
"LLS_DEF_0_0_0";"Bermeo";1;"Chopa";"Chopa";"Chopa";3,35650624;1
"LLS_DEF_0_0_0";"Bermeo";1;"Fanecas spp";"Faneca comun";"Faneca comun";5,72;1
"LLS_DEF_0_0_0";"Bermeo";1;"Mojarras nep (DEA)";"Mojarras nep (DEA)";"Sargo mojarra";0,7;1
"LLS_DEF_0_0_0";"Bermeo";1;"Rascacios, Cabrachos (Scorpaena spp.)";"Cabracho";"Cabracho";5,149477732;1
"LLS_DEF_0_0_0";"Bermeo";1;"Verrugato de fango";"Verrugato de fango";"Verrugato de fango";5,3;1
"LLS_DEF_0_0_0";"Bermeo";2;"Besugo";"Besugo";"Besugo";72,087013148;5
"LLS_DEF_0_0_0";"Bermeo";2;"Bocanegra - colayo";"Bocanegra - colayo";"Bocanegra - colayo";40,103;1
"LLS_DEF_0_0_0";"Bermeo";2;"Brotola de fango (Phycis blennoides)";"Brotola de fango (Phycis blennoides)";"Brotola de fango (Phycis blennoides)";3,055151122;1
"LLS_DEF_0_0_0";"Bermeo";2;"Cabra (Helicolenus dactylopterus)";"Cabra (Helicolenus dactylopterus)";"Cabra (Helicolenus dactylopterus)";33,898227277;2
"LLS_DEF_0_0_0";"Bermeo";2;"Chicharro Negro";"Chicharro Negro";"Chicharro Negro";20,457597664;3
"LLS_DEF_0_0_0";"Bermeo";2;"Lirio - Bacaladilla";"Lirio - Bacaladilla";"Lirio - Bacaladilla";67,2;6
"LLS_DEF_0_0_0";"Bermeo";2;"Merluza europea";"Merluza europea";"Merluza europea";2372,361651711;7
"LLS_DEF_0_0_0";"Bermeo";2;"Pez de San Pedro";"Pez de San Pedro";"Pez de San Pedro";7,3;2
"LLS_DEF_0_0_0";"Bermeo";2;"Rascacios, Cabrachos (Scorpaena spp.)";"Cabracho";"Cabracho";2,2;1
"LLS_DEF_0_0_0";"Bermeo";3;"Besugo";"Besugo";"Besugo";36,953130962;3
"LLS_DEF_0_0_0";"Bermeo";3;"Bocanegra - colayo";"Bocanegra - colayo";"Bocanegra - colayo";2,261;1
"LLS_DEF_0_0_0";"Bermeo";3;"Cabra (Helicolenus dactylopterus)";"Cabra (Helicolenus dactylopterus)";"Cabra (Helicolenus dactylopterus)";13,129900523;1
"LLS_DEF_0_0_0";"Bermeo";3;"Lirio - Bacaladilla";"Lirio - Bacaladilla";"Lirio - Bacaladilla";1,9;1
"LLS_DEF_0_0_0";"Bermeo";3;"Merluza europea";"Merluza europea";"Merluza europea";877,720237497;4
"LLS_DEF_0_0_0";"Bermeo";3;"Palometa roja (Beryx decadactylus)";"Palometa roja (Beryx decadactylus)";"Palometa roja (Beryx decadactylus)";5,711879219;1
"LLS_DEF_0_0_0";"Bermeo";3;"Triglidos";"Perlon";"Garneo";3,538512597;1
"LLS_DEF_0_0_0";"Bermeo";3;"Triglidos";"Triglidos";"Garneo";3,072623699;1
"LLS_DEF_0_0_0";"Bermeo";4;"Brotola de fango (Phycis blennoides)";"Brotola de fango (Phycis blennoides)";"Brotola de fango (Phycis blennoides)";24,31;1
"LLS_DEF_0_0_0";"Bermeo";4;"Cabra (Helicolenus dactylopterus)";"Cabra (Helicolenus dactylopterus)";"Cabra (Helicolenus dactylopterus)";16,2;1
"LLS_DEF_0_0_0";"Bermeo";4;"Desconocido";"Desconocido";"Maruca azul - Palo (Molva dypterygia)";27,83;1
"LLS_DEF_0_0_0";"Bermeo";4;"Lirio - Bacaladilla";"Lirio - Bacaladilla";"Lirio - Bacaladilla";18,2;1
"LLS_DEF_0_0_0";"Bermeo";4;"Merluza europea";"Merluza europea";"Merluza europea";126,873;1
"LLS_DEF_0_0_0";"Bermeo";4;"Palometa negra - Japuta";"Palometa negra - Japuta";"Palometa negra - Japuta";12,35;1
"LLS_DEF_0_0_0";"Pasaia";1;"Aligote";"Aligote";"Aligote";1;1
"LLS_DEF_0_0_0";"Pasaia";1;"Brotola de fango (Phycis blennoides)";"Brotola de fango (Phycis blennoides)";"Brotola de fango (Phycis blennoides)";6,551219512;4
"LLS_DEF_0_0_0";"Pasaia";1;"Cazon";"Cazon";"Cazon";15,28;1
"LLS_DEF_0_0_0";"Pasaia";1;"Chicharro Blanco";"Chicharro Blanco";"Chicharro Blanco";2,1;3
"LLS_DEF_0_0_0";"Pasaia";1;"Congrio";"Congrio";"Congrio";33,11;3
"LLS_DEF_0_0_0";"Pasaia";1;"Desconocido";"Desconocido";"Cabra (Helicolenus dactylopterus)";0,84;2
"LLS_DEF_0_0_0";"Pasaia";1;"Desconocido";"Desconocido";"Palometa roja (Beryx decadactylus)";0,71;2
"LLS_DEF_0_0_0";"Pasaia";1;"Fanecas spp";"Faneca comun";"Faneca comun";5,667560976;2
"LLS_DEF_0_0_0";"Pasaia";1;"Lenguado";"Lenguado";"Lenguado";1,065;1
"LLS_DEF_0_0_0";"Pasaia";1;"Lirio - Bacaladilla";"Lirio - Bacaladilla";"Lirio - Bacaladilla";6,801219512;2
"LLS_DEF_0_0_0";"Pasaia";1;"Lubina";"Lubina";"Lubina";189,39;5
"LLS_DEF_0_0_0";"Pasaia";1;"Merluza europea";"Merluza europea";"Merluza europea";1000,434;7
"LLS_DEF_0_0_0";"Pasaia";1;"Oblada - colanegra - Buzten Baltza";"Oblada - colanegra - Buzten Baltza";"Oblada - colanegra - Buzten Baltza";3,5;1
"LLS_DEF_0_0_0";"Pasaia";1;"Pintarroja";"Pintarroja";"Pintarroja";11,48;1
"LLS_DEF_0_0_0";"Pasaia";1;"Platija europea";"Platija europea";"Platija europea";1,93;1
"LLS_DEF_0_0_0";"Pasaia";1;"Salmonete de roca";"Salmonete de roca";"Salmonete de roca";1,14;1
"LLS_DEF_0_0_0";"Pasaia";1;"Sargo";"Sargo";"Sargo";157,33;3
"LLS_DEF_0_0_0";"Pasaia";1;"Triglidos";"Bejel";"Bejel";4,4;1
"LLS_DEF_0_0_0";"Pasaia";1;"Verdel - Caballa";"Verdel - Caballa";"Verdel - Caballa";1,28;1
"LLS_DEF_0_0_0";"Pasaia";2;"Aligote";"Aligote";"Aligote";10,9;4
"LLS_DEF_0_0_0";"Pasaia";2;"Bonito Atlantico";"Bonito Atlantico";"Bonito Atlantico";2,94;1
"LLS_DEF_0_0_0";"Pasaia";2;"Brotola de fango (Phycis blennoides)";"Brotola de fango (Phycis blennoides)";"Brotola de fango (Phycis blennoides)";56;10
"LLS_DEF_0_0_0";"Pasaia";2;"Cabra (Helicolenus dactylopterus)";"Cabra (Helicolenus dactylopterus)";"Cabra (Helicolenus dactylopterus)";14,824831461;6
"LLS_DEF_0_0_0";"Pasaia";2;"Cabrilla";"Cabrilla";"Cabrilla";2,7;2
"LLS_DEF_0_0_0";"Pasaia";2;"Chicharro Blanco";"Chicharro Blanco";"Chicharro Blanco";1,5;1
"LLS_DEF_0_0_0";"Pasaia";2;"Chicharro Negro";"Chicharro Negro";"Chicharro Negro";14,48;2
"LLS_DEF_0_0_0";"Pasaia";2;"Chopa";"Chopa";"Breca";4,43;1
"LLS_DEF_0_0_0";"Pasaia";2;"Congrio";"Congrio";"Congrio";21,45;3
"LLS_DEF_0_0_0";"Pasaia";2;"Desconocido";"Desconocido";"Besugo";2,1;2
"LLS_DEF_0_0_0";"Pasaia";2;"Desconocido";"Desconocido";"Sargo";1,05;2
"LLS_DEF_0_0_0";"Pasaia";2;"Dorada";"Dorada";"Dorada";1,1;1
"LLS_DEF_0_0_0";"Pasaia";2;"Escorpora - obispo";"Escorpora - obispo";"Escorpora - obispo";0,480597015;1
"LLS_DEF_0_0_0";"Pasaia";2;"Estornino del Atlantico";"Estornino del Atlantico";"Estornino del Atlantico";13,70962963;1
"LLS_DEF_0_0_0";"Pasaia";2;"Fanecas spp";"Faneca comun";"Faneca comun";53,765168539;7
"LLS_DEF_0_0_0";"Pasaia";2;"Lenguado";"Lenguado";"Lenguado";10,5;3
"LLS_DEF_0_0_0";"Pasaia";2;"Lirio - Bacaladilla";"Lirio - Bacaladilla";"Lirio - Bacaladilla";3455,66;8
"LLS_DEF_0_0_0";"Pasaia";2;"Lubina";"Lubina";"Lubina";12,49;3
"LLS_DEF_0_0_0";"Pasaia";2;"Merluza europea";"Merluza europea";"Merluza europea";1931,7365;18
"LLS_DEF_0_0_0";"Pasaia";2;"Rapes Lophius";"Rape blanco";"Rape blanco";5,04;3
"LLS_DEF_0_0_0";"Pasaia";2;"Rapes Lophius";"Rape negro";"Rape negro";5,81;1
"LLS_DEF_0_0_0";"Pasaia";2;"Rascacios, Cabrachos (Scorpaena spp.)";"Cabracho";"Cabracho";1,500615521;3
"LLS_DEF_0_0_0";"Pasaia";2;"Rascacios, Cabrachos (Scorpaena spp.)";"Cabracho";"Escorpora - obispo";1,4;3
"LLS_DEF_0_0_0";"Pasaia";2;"Rascacios, Cabrachos (Scorpaena spp.)";"Cabracho";"Rascacio";2,869384479;3
"LLS_DEF_0_0_0";"Pasaia";2;"Rascacios, Cabrachos (Scorpaena spp.)";"Rascacio";"Rascacio";0,429402985;2
"LLS_DEF_0_0_0";"Pasaia";2;"Rayas spp";"Raya de clavos";"Raya de clavos";6,6;2
"LLS_DEF_0_0_0";"Pasaia";2;"Rodaballo";"Rodaballo";"Rodaballo";1,785;1
"LLS_DEF_0_0_0";"Pasaia";2;"Salmonete de roca";"Salmonete de roca";"Salmonete de roca";40,66;5
"LLS_DEF_0_0_0";"Pasaia";2;"Salvario - Escorpion - Escarapote - Araña";"Salvario - Escorpion - Escarapote - Araña";"Salvario - Escorpion - Escarapote - Araña";19;5
"LLS_DEF_0_0_0";"Pasaia";2;"Sargo";"Sargo";"Sargo";17,55;3
"LLS_DEF_0_0_0";"Pasaia";2;"Sargo";"Sargo";"Sargo mojarra";0,46;3
"LLS_DEF_0_0_0";"Pasaia";2;"Sepias y chocos";"Sepia comun";"Sepia comun";0,54;1
"LLS_DEF_0_0_0";"Pasaia";2;"Triglidos";"Bejel";"Bejel";1,54;1
"LLS_DEF_0_0_0";"Pasaia";2;"Verdel - Caballa";"Verdel - Caballa";"Verdel - Caballa";57,80037037;4
"LLS_DEF_0_0_0";"Pasaia";2;"Verrugato de fango";"Verrugato de fango";"Verrugato de fango";26,7;4
"LLS_DEF_0_0_0";"Santurtzi";2;"Besugo";"Besugo";"Besugo";22,275892599;5
"LLS_DEF_0_0_0";"Santurtzi";2;"Bocanegra - colayo";"Bocanegra - colayo";"Bocanegra - colayo";14,28;1
"LLS_DEF_0_0_0";"Santurtzi";2;"Cabra (Helicolenus dactylopterus)";"Cabra (Helicolenus dactylopterus)";"Cabra (Helicolenus dactylopterus)";3,553379131;3
"LLS_DEF_0_0_0";"Santurtzi";2;"Chicharro Blanco";"Chicharro Blanco";"Chicharro Blanco";0,88;1
"LLS_DEF_0_0_0";"Santurtzi";2;"Chicharro Negro";"Chicharro Negro";"Chicharro Negro";28,088134367;5
"LLS_DEF_0_0_0";"Santurtzi";2;"Congrio";"Congrio";"Congrio";3,157;1
"LLS_DEF_0_0_0";"Santurtzi";2;"Fanecas spp";"Faneca comun";"Faneca comun";1,078;2
"LLS_DEF_0_0_0";"Santurtzi";2;"Gallano";"Gallano";"Gallano";1,78221782;1
"LLS_DEF_0_0_0";"Santurtzi";2;"Lirio - Bacaladilla";"Lirio - Bacaladilla";"Lirio - Bacaladilla";44,948906096;7
"LLS_DEF_0_0_0";"Santurtzi";2;"Merluza europea";"Merluza europea";"Merluza europea";2265,3814;9
"LLS_DEF_0_0_0";"Santurtzi";2;"Triglidos";"Garneo";"Garneo";1,368031759;1
"LLS_DEF_0_0_0";"Santurtzi";2;"Triglidos";"Perlon";"Perlon";0,507922079;1
"LLS_DEF_0_0_0";"Santurtzi";2;"Verdel - Caballa";"Verdel - Caballa";"Verdel - Caballa";4,4;1
"LLS_DEF_0_0_0";"Santurtzi";3;"Desconocido";"Desconocido";"Abadejo";0,946;1
"LLS_DEF_0_0_0";"Santurtzi";3;"Desconocido";"Desconocido";"Oblada - colanegra - Buzten Baltza";0,604612564;1
"LLS_DEF_0_0_0";"Santurtzi";3;"Desconocido";"Desconocido";"Rascacio";0,560800222;1
"LLS_DEF_0_0_0";"Santurtzi";3;"Lubina";"Lubina";"Lubina";23,81050838;1
"LLS_DEF_0_0_0";"Santurtzi";3;"Sargo mojarra";"Sargo mojarra";"Sargo";9,48;1
"LLS_DEF_0_0_0";"Santurtzi";4;"Desconocido";"Desconocido";"Abadejo";2,64;1
"LLS_DEF_0_0_0";"Santurtzi";4;"Desconocido";"Desconocido";"Chicharro Blanco";0,56;1
"LLS_DEF_0_0_0";"Santurtzi";4;"Desconocido";"Desconocido";"Merluza europea";3,306;1
"LLS_DEF_0_0_0";"Santurtzi";4;"Desconocido";"Desconocido";"Sargo";2,02;1
"LLS_DEF_0_0_0";"Santurtzi";4;"Desconocido";"Desconocido";"Sargo picudo";0,6;1
"LLS_DEF_0_0_0";"Santurtzi";4;"Lubina";"Lubina";"Lubina";147,45;5
"LLS_DEF_0_0_0";"Santurtzi";4;"Peces marinos nep";"Peces marinos nep";"Bejel";0,48;1
"LLS_DEF_0_0_0";"Santurtzi";4;"Peces marinos nep";"Peces marinos nep";"Chicharro Blanco";0;1
"LLS_DEF_0_0_0";"Santurtzi";4;"Sargo mojarra";"Sargo mojarra";"Breca";1,7;3
"LLS_DEF_0_0_0";"Santurtzi";4;"Sargo mojarra";"Sargo mojarra";"Sargo";80,45;3
"LLS_DEF_0_0_0";"Santurtzi";4;"Sargo mojarra";"Sargo mojarra";"Sargo mojarra";0,82;3
"LLS_DEF_0_0_0";"Santurtzi";4;"Sargo mojarra";"Sargo mojarra";"Sargo picudo";2,3;3
"LTL_LPF_0_0_0";"Bermeo";2;"Bonito del Norte";"Bonito del Norte";"Bonito del Norte";30915,77179333;8
"LTL_LPF_0_0_0";"Bermeo";2;"Listado";"Listado";"Listado";4,164207419;1
"LTL_LPF_0_0_0";"Bermeo";2;"Patudo";"Patudo";"Patudo";249,19825554;4
"LTL_LPF_0_0_0";"Bermeo";3;"Bonito del Norte";"Bonito del Norte";"Bonito del Norte";341184,783563179;38
"LTL_LPF_0_0_0";"Bermeo";3;"Patudo";"Patudo";"Patudo";772,99368992;17
"LTL_LPF_0_0_0";"Getaria";3;"Bonito del Norte";"Bonito del Norte";"Bonito del Norte";6704;1
"LTL_LPF_0_0_0";"Getaria";3;"Patudo";"Patudo";"Patudo";45;1
"LTL_LPF_0_0_0";"Hondarribia";2;"Bonito del Norte";"Bonito del Norte";"Bonito del Norte";14436,5;2
"LTL_LPF_0_0_0";"Hondarribia";2;"Patudo";"Patudo";"Patudo";115,5;1
"LTL_LPF_0_0_0";"Hondarribia";3;"Bonito del Norte";"Bonito del Norte";"Bonito del Norte";86436,85;9
"LTL_LPF_0_0_0";"Hondarribia";3;"Desconocido";"Desconocido";"Bonito del Norte";32220,73;4
"LTL_LPF_0_0_0";"Hondarribia";3;"Patudo";"Patudo";"Patudo";380,19300184;3
"LTL_LPF_0_0_0";"Ondarroa";2;"Bonito del Norte";"Bonito del Norte";"Bonito del Norte";12816;5
"LTL_LPF_0_0_0";"Ondarroa";2;"Patudo";"Patudo";"Patudo";17,97830943;1
"LTL_LPF_0_0_0";"Ondarroa";3;"Bonito del Norte";"Bonito del Norte";"Bonito del Norte";31739,84684833;9
"LTL_LPF_0_0_0";"Ondarroa";3;"Patudo";"Patudo";"Patudo";124;4
"LTL_LPF_0_0_0";"Pasaia";2;"Bonito del Norte";"Bonito del Norte";"Bonito del Norte";25322,7;7
"LTL_LPF_0_0_0";"Pasaia";2;"Patudo";"Patudo";"Patudo";105,8;1
"LTL_LPF_0_0_0";"Pasaia";3;"Bonito del Norte";"Bonito del Norte";"Bonito del Norte";132673,30337345;31
"LTL_LPF_0_0_0";"Pasaia";3;"Patudo";"Patudo";"Patudo";93;3
"OTB_DEF_>=55_0_0";"Ondarroa";2;"Verdel - Caballa";"Verdel - Caballa";"Verdel - Caballa";3361;1
"OTB_DEF_>=70_0_0";"Ondarroa";1;"Calamares Loliginidae";"Calamares Loliginidae";"Calamar comun";511,8;2
"OTB_DEF_>=70_0_0";"Ondarroa";1;"Chicharro Negro";"Chicharro Negro";"Chicharro Negro";183,5;2
"OTB_DEF_>=70_0_0";"Ondarroa";1;"Cinta";"Cinta";"Cinta";21;2
"OTB_DEF_>=70_0_0";"Ondarroa";1;"Fanecas spp";"Faneca comun";"Faneca comun";8086,03742301;8
"OTB_DEF_>=70_0_0";"Ondarroa";1;"Fanecas spp";"Faneca comun";"Faneca menor - Fodon - Capellan";270,223765973;8
"OTB_DEF_>=70_0_0";"Ondarroa";1;"Fanecas spp";"Fanecas spp";"Faneca comun";7618,27;9
"OTB_DEF_>=70_0_0";"Ondarroa";1;"Fanecas spp";"Fanecas spp";"Faneca menor - Fodon - Capellan";251,13;9
"OTB_DEF_>=70_0_0";"Ondarroa";1;"Gallos - ollarra";"Gallo boscii";"Gallo boscii";405,056484413;2
"OTB_DEF_>=70_0_0";"Ondarroa";1;"Gallos - ollarra";"Gallo whiffiagonis";"Gallo whiffiagonis";4500,09351548;3
"OTB_DEF_>=70_0_0";"Ondarroa";1;"Gallos - ollarra";"Gallos - ollarra";"Gallo boscii";54,68409715;6
"OTB_DEF_>=70_0_0";"Ondarroa";1;"Gallos - ollarra";"Gallos - ollarra";"Gallo whiffiagonis";8833,592439318;6
"OTB_DEF_>=70_0_0";"Ondarroa";1;"Lenguado";"Lenguado";"Lenguado";223,751964919;5
"OTB_DEF_>=70_0_0";"Ondarroa";1;"Lubina";"Lubina";"Lubina";736,975739923;5
"OTB_DEF_>=70_0_0";"Ondarroa";1;"Maruca - Juliana (Molva molva)";"Maruca - Juliana (Molva molva)";"Maruca - Juliana (Molva molva)";49,150315137;4
"OTB_DEF_>=70_0_0";"Ondarroa";1;"Merluza europea";"Merluza europea";"Merluza europea";15905,65841139;10
"OTB_DEF_>=70_0_0";"Ondarroa";1;"Musola";"Musola";"Musola";38,232022854;4
"OTB_DEF_>=70_0_0";"Ondarroa";1;"Musola";"Musola";"Musola dentuda - musola estrellada";904,573622112;4
"OTB_DEF_>=70_0_0";"Ondarroa";1;"Musola dentuda - musola estrellada";"Musola dentuda - musola estrellada";"Musola";78,38390437;4
"OTB_DEF_>=70_0_0";"Ondarroa";1;"Musola dentuda - musola estrellada";"Musola dentuda - musola estrellada";"Musola dentuda - musola estrellada";1005,41256009;4
"OTB_DEF_>=70_0_0";"Ondarroa";1;"Peon - pez plata";"Peon - pez plata";"Peon - pez plata";4090;8
"OTB_DEF_>=70_0_0";"Ondarroa";1;"Pez de San Pedro";"Pez de San Pedro";"Pez de San Pedro";307,22392729;8
"OTB_DEF_>=70_0_0";"Ondarroa";1;"Pintarroja";"Pintarroja";"Pintarroja";8654;8
"OTB_DEF_>=70_0_0";"Ondarroa";1;"Potas Ommastrephidae nep";"Pota costera";"Pota costera";22,81981982;1
"OTB_DEF_>=70_0_0";"Ondarroa";1;"Potas Ommastrephidae nep";"Pota voladora";"Pota voladora";28,18018018;1
"OTB_DEF_>=70_0_0";"Ondarroa";1;"Potas Ommastrephidae nep";"Potas Ommastrephidae nep";"Pota costera";26,371066801;2
"OTB_DEF_>=70_0_0";"Ondarroa";1;"Potas Ommastrephidae nep";"Potas Ommastrephidae nep";"Pota voladora";93,026323753;2
"OTB_DEF_>=70_0_0";"Ondarroa";1;"Rapes Lophius";"Rape blanco";"Rape blanco";999,506796305;6
"OTB_DEF_>=70_0_0";"Ondarroa";1;"Rapes Lophius";"Rape negro";"Rape negro";8485,663222786;7
"OTB_DEF_>=70_0_0";"Ondarroa";1;"Rayas spp";"Raya de clavos";"Raya de clavos";955,8;5
"OTB_DEF_>=70_0_0";"Ondarroa";1;"Rayas spp";"Raya santiaguesa";"Raya santiaguesa";8506,1;8
"OTB_DEF_>=70_0_0";"Ondarroa";1;"Rodaballo";"Rodaballo";"Rodaballo";8,9;1
"OTB_DEF_>=70_0_0";"Ondarroa";1;"Salmonete de roca";"Salmonete de roca";"Salmonete de roca";2220,7;7
"OTB_DEF_>=70_0_0";"Ondarroa";1;"Salvario - Escorpion - Escarapote - Araña";"Salvario - Escorpion - Escarapote - Araña";"Salvario - Escorpion - Escarapote - Araña";1747,8;2
"OTB_DEF_>=70_0_0";"Ondarroa";1;"Sepias y chocos";"Sepia comun";"Sepia comun";308;1
"OTB_DEF_>=70_0_0";"Ondarroa";1;"Sepias y chocos";"Sepias y chocos";"Choco/sepia con punta";6,62960761;1
"OTB_DEF_>=70_0_0";"Ondarroa";1;"Sepias y chocos";"Sepias y chocos";"Sepia comun";517,3703924;1
"OTB_DEF_>=70_0_0";"Ondarroa";1;"Soleidos";"Soldadito";"Soldadito";283;1
"OTB_DEF_>=70_0_0";"Ondarroa";1;"Soleidos";"Soleidos";"Acedia";49,455;6
"OTB_DEF_>=70_0_0";"Ondarroa";1;"Soleidos";"Soleidos";"Soldadito";428,9;6
"OTB_DEF_>=70_0_0";"Ondarroa";1;"Tollas - Musola spp";"Tollas - Musola spp";"Musola";258,9047146;3
"OTB_DEF_>=70_0_0";"Ondarroa";1;"Tollas - Musola spp";"Tollas - Musola spp";"Musola dentuda - musola estrellada";70,924;3
"OTB_DEF_>=70_0_0";"Ondarroa";1;"Triglidos";"Triglidos";"Bejel";928,561976775;8
"OTB_DEF_>=70_0_0";"Ondarroa";1;"Triglidos";"Triglidos";"Perlon";1111,7;8
"OTB_DEF_>=70_0_0";"Ondarroa";1;"Verdel - Caballa";"Verdel - Caballa";"Verdel - Caballa";87688,3;9
"OTB_DEF_>=70_0_0";"Ondarroa";1;"Verrugato de fango";"Verrugato de fango";"Verrugato de fango";6,5;1
"OTB_DEF_>=70_0_0";"Ondarroa";2;"Brotola de fango (Phycis blennoides)";"Brotola de fango (Phycis blennoides)";"Brotola de fango (Phycis blennoides)";4762,89;5
"OTB_DEF_>=70_0_0";"Ondarroa";2;"Cabra (Helicolenus dactylopterus)";"Cabra (Helicolenus dactylopterus)";"Cabra (Helicolenus dactylopterus)";4218,4;3
"OTB_DEF_>=70_0_0";"Ondarroa";2;"Chicharro Negro";"Chicharro Negro";"Chicharro Negro";10353,45598818;5
"OTB_DEF_>=70_0_0";"Ondarroa";2;"Cinta";"Cinta";"Cinta";8;1
"OTB_DEF_>=70_0_0";"Ondarroa";2;"Fanecas spp";"Faneca comun";"Faneca comun";3715,14;5
"OTB_DEF_>=70_0_0";"Ondarroa";2;"Fanecas spp";"Fanecas spp";"Faneca comun";1013,1;2
"OTB_DEF_>=70_0_0";"Ondarroa";2;"Gallos - ollarra";"Gallo boscii";"Gallo boscii";1255,445415976;4
"OTB_DEF_>=70_0_0";"Ondarroa";2;"Gallos - ollarra";"Gallo whiffiagonis";"Gallo whiffiagonis";5079,0573903;4
"OTB_DEF_>=70_0_0";"Ondarroa";2;"Gallos - ollarra";"Gallos - ollarra";"Gallo boscii";112,071760328;5
"OTB_DEF_>=70_0_0";"Ondarroa";2;"Gallos - ollarra";"Gallos - ollarra";"Gallo whiffiagonis";17482,0774334;5
"OTB_DEF_>=70_0_0";"Ondarroa";2;"Lenguado";"Lenguado";"Lenguado";95,445;3
"OTB_DEF_>=70_0_0";"Ondarroa";2;"Lirio - Bacaladilla";"Lirio - Bacaladilla";"Lirio - Bacaladilla";717,1;2
"OTB_DEF_>=70_0_0";"Ondarroa";2;"Maruca - Juliana (Molva molva)";"Maruca - Juliana (Molva molva)";"Maruca - Juliana (Molva molva)";41,35636554;1
"OTB_DEF_>=70_0_0";"Ondarroa";2;"Maruca azul - Palo (Molva dypterygia)";"Maruca azul - Palo (Molva dypterygia)";"Maruca azul - Palo (Molva dypterygia)";2160,65310789;1
"OTB_DEF_>=70_0_0";"Ondarroa";2;"Mendo";"Mendo";"Mendo";2435,475;3
"OTB_DEF_>=70_0_0";"Ondarroa";2;"Merluza europea";"Merluza europea";"Merluza europea";10860,404185426;9
"OTB_DEF_>=70_0_0";"Ondarroa";2;"Musola";"Musola";"Musola";74,470425077;2
"OTB_DEF_>=70_0_0";"Ondarroa";2;"Musola dentuda - musola estrellada";"Musola dentuda - musola estrellada";"Musola dentuda - musola estrellada";70,95357492;2
"OTB_DEF_>=70_0_0";"Ondarroa";2;"Peon - pez plata";"Peon - pez plata";"Peon - pez plata";19;1
"OTB_DEF_>=70_0_0";"Ondarroa";2;"Pez de San Pedro";"Pez de San Pedro";"Pez de San Pedro";125,075882565;5
"OTB_DEF_>=70_0_0";"Ondarroa";2;"Pintarroja";"Pintarroja";"Pintarroja";2863,7;3
"OTB_DEF_>=70_0_0";"Ondarroa";2;"Potas Ommastrephidae nep";"Pota costera";"Pota costera";181,1746032;1
"OTB_DEF_>=70_0_0";"Ondarroa";2;"Potas Ommastrephidae nep";"Pota voladora";"Pota voladora";1639,9253968;3
"OTB_DEF_>=70_0_0";"Ondarroa";2;"Potas Ommastrephidae nep";"Potas Ommastrephidae nep";"Pota costera";154,3198529;1
"OTB_DEF_>=70_0_0";"Ondarroa";2;"Potas Ommastrephidae nep";"Potas Ommastrephidae nep";"Pota voladora";420,6801471;1
"OTB_DEF_>=70_0_0";"Ondarroa";2;"Rapes Lophius";"Rape blanco";"Rape blanco";16452,939176564;8
"OTB_DEF_>=70_0_0";"Ondarroa";2;"Rapes Lophius";"Rape negro";"Rape negro";10091,476129131;7
"OTB_DEF_>=70_0_0";"Ondarroa";2;"Rayas spp";"Raya de clavos";"Raya de clavos";86,36431355;2
"OTB_DEF_>=70_0_0";"Ondarroa";2;"Rayas spp";"Raya santiaguesa";"Raya santiaguesa";1215;4
"OTB_DEF_>=70_0_0";"Ondarroa";2;"Rodaballo";"Rodaballo";"Rodaballo";39,165;1
"OTB_DEF_>=70_0_0";"Ondarroa";2;"Salmonete de roca";"Salmonete de roca";"Salmonete de roca";399,161351184;5
"OTB_DEF_>=70_0_0";"Ondarroa";2;"Salvario - Escorpion - Escarapote - Araña";"Salvario - Escorpion - Escarapote - Araña";"Salvario - Escorpion - Escarapote - Araña";970;1
"OTB_DEF_>=70_0_0";"Ondarroa";2;"Sepias y chocos";"Sepia comun";"Sepia comun";3,600510677;1
"OTB_DEF_>=70_0_0";"Ondarroa";2;"Soleidos";"Soldadito";"Soldadito";473,5;2
"OTB_DEF_>=70_0_0";"Ondarroa";2;"Triglidos";"Triglidos";"Bejel";525,459281119;5
"OTB_DEF_>=70_0_0";"Ondarroa";2;"Triglidos";"Triglidos";"Perlon";311,7;5
"OTB_DEF_>=70_0_0";"Ondarroa";2;"Verdel - Caballa";"Verdel - Caballa";"Verdel - Caballa";6531,5;6
"OTB_DEF_>=70_0_0";"Ondarroa";3;"Brotola de fango (Phycis blennoides)";"Brotola de fango (Phycis blennoides)";"Brotola de fango (Phycis blennoides)";176,89925432;1
"OTB_DEF_>=70_0_0";"Ondarroa";3;"Chicharro Negro";"Chicharro Negro";"Chicharro Negro";53,1;1
"OTB_DEF_>=70_0_0";"Ondarroa";3;"Fanecas spp";"Faneca comun";"Faneca comun";1700,6;2
"OTB_DEF_>=70_0_0";"Ondarroa";3;"Gallos - ollarra";"Gallo boscii";"Gallo boscii";268,642163845;2
"OTB_DEF_>=70_0_0";"Ondarroa";3;"Gallos - ollarra";"Gallo whiffiagonis";"Gallo whiffiagonis";6715,485836157;2
"OTB_DEF_>=70_0_0";"Ondarroa";3;"Lenguado";"Lenguado";"Lenguado";56,036562909;1
"OTB_DEF_>=70_0_0";"Ondarroa";3;"Mendo";"Mendo";"Mendo";645,225;1
"OTB_DEF_>=70_0_0";"Ondarroa";3;"Merluza europea";"Merluza europea";"Merluza europea";7142,85122821;3
"OTB_DEF_>=70_0_0";"Ondarroa";3;"Pintarroja";"Pintarroja";"Pintarroja";886,9;2
"OTB_DEF_>=70_0_0";"Ondarroa";3;"Potas Ommastrephidae nep";"Pota costera";"Pota costera";57,72;1
"OTB_DEF_>=70_0_0";"Ondarroa";3;"Potas Ommastrephidae nep";"Pota voladora";"Pota voladora";53,28;1
"OTB_DEF_>=70_0_0";"Ondarroa";3;"Rapes Lophius";"Rape blanco";"Rape blanco";2162,9825992;2
"OTB_DEF_>=70_0_0";"Ondarroa";3;"Rapes Lophius";"Rape negro";"Rape negro";1652,76937515;2
"OTB_DEF_>=70_0_0";"Ondarroa";3;"Rayas spp";"Raya de clavos";"Raya de clavos";1550;1
"OTB_DEF_>=70_0_0";"Ondarroa";3;"Triglidos";"Triglidos";"Bejel";87,974823583;1
"OTB_DEF_>=70_0_0";"Ondarroa";3;"Triglidos";"Triglidos";"Perlon";123,4;1
"OTB_DEF_>=70_0_0";"Ondarroa";4;"Abadejo";"Abadejo";"Abadejo";2,97;1
"OTB_DEF_>=70_0_0";"Ondarroa";4;"Brotola de fango (Phycis blennoides)";"Brotola de fango (Phycis blennoides)";"Brotola de fango (Phycis blennoides)";41,25;1
"OTB_DEF_>=70_0_0";"Ondarroa";4;"Calamares Loliginidae";"Calamar comun";"Calamar comun";391,875;1
"OTB_DEF_>=70_0_0";"Ondarroa";4;"Calamares Loliginidae";"Calamar veteado";"Calamar veteado";6,125;1
"OTB_DEF_>=70_0_0";"Ondarroa";4;"Calamares Loliginidae";"Calamares Loliginidae";"Calamar comun";1614,9;3
"OTB_DEF_>=70_0_0";"Ondarroa";4;"Calamares Loliginidae";"Calamares Loliginidae";"Calamar veteado";694;3
"OTB_DEF_>=70_0_0";"Ondarroa";4;"Chicharro Negro";"Chicharro Negro";"Chicharro Negro";518;2
"OTB_DEF_>=70_0_0";"Ondarroa";4;"Cinta";"Cinta";"Cinta";29;2
"OTB_DEF_>=70_0_0";"Ondarroa";4;"Corvina";"Corvina";"Corvina";199,3;1
"OTB_DEF_>=70_0_0";"Ondarroa";4;"Desconocido";"Desconocido";"Chopa";2;2
"OTB_DEF_>=70_0_0";"Ondarroa";4;"Desconocido";"Desconocido";"Corvina";81,5;2
"OTB_DEF_>=70_0_0";"Ondarroa";4;"Desconocido";"Desconocido";"Musola";20,86;2
"OTB_DEF_>=70_0_0";"Ondarroa";4;"Desconocido";"Desconocido";"Peon - pez plata";84;2
"OTB_DEF_>=70_0_0";"Ondarroa";4;"Desconocido";"Desconocido";"Pintarroja";937,5;2
"OTB_DEF_>=70_0_0";"Ondarroa";4;"Desconocido";"Desconocido";"Rape blanco";90;2
"OTB_DEF_>=70_0_0";"Ondarroa";4;"Desconocido";"Desconocido";"Raya de clavos";137;2
"OTB_DEF_>=70_0_0";"Ondarroa";4;"Desconocido";"Desconocido";"Raya santiaguesa";167,5;2
"OTB_DEF_>=70_0_0";"Ondarroa";4;"Desconocido";"Desconocido";"Soldadito";394;2
"OTB_DEF_>=70_0_0";"Ondarroa";4;"Desconocido";"Desconocido";"Verrugato de fango";22;2
"OTB_DEF_>=70_0_0";"Ondarroa";4;"Fanecas spp";"Faneca comun";"Faneca comun";9001,6278846;8
"OTB_DEF_>=70_0_0";"Ondarroa";4;"Fanecas spp";"Faneca comun";"Faneca menor - Fodon - Capellan";130,42258415;8
"OTB_DEF_>=70_0_0";"Ondarroa";4;"Fanecas spp";"Fanecas spp";"Faneca comun";3856,93;6
"OTB_DEF_>=70_0_0";"Ondarroa";4;"Gallos - ollarra";"Gallo boscii";"Gallo boscii";210,11801565;3
"OTB_DEF_>=70_0_0";"Ondarroa";4;"Gallos - ollarra";"Gallo whiffiagonis";"Gallo whiffiagonis";2101,711984372;3
"OTB_DEF_>=70_0_0";"Ondarroa";4;"Gallos - ollarra";"Gallos - ollarra";"Gallo boscii";443,684243484;7
"OTB_DEF_>=70_0_0";"Ondarroa";4;"Gallos - ollarra";"Gallos - ollarra";"Gallo whiffiagonis";4958,65175639;7
"OTB_DEF_>=70_0_0";"Ondarroa";4;"Lenguado";"Lenguado";"Lenguado";928,6;8
"OTB_DEF_>=70_0_0";"Ondarroa";4;"Lenguado de arena";"Lenguado de arena";"Lenguado de arena";18;2
"OTB_DEF_>=70_0_0";"Ondarroa";4;"Lisas";"Lisas";"Pardete";13,78;1
"OTB_DEF_>=70_0_0";"Ondarroa";4;"Lubina";"Lubina";"Lubina";151,37;2
"OTB_DEF_>=70_0_0";"Ondarroa";4;"Macabies nep (DEA)";"Macabies nep (DEA)";"Musola dentuda - musola estrellada";56,71520767;1
"OTB_DEF_>=70_0_0";"Ondarroa";4;"Maruca - Juliana (Molva molva)";"Maruca - Juliana (Molva molva)";"Maruca - Juliana (Molva molva)";7,15;1
"OTB_DEF_>=70_0_0";"Ondarroa";4;"Mendo";"Mendo";"Mendo";252,735;1
"OTB_DEF_>=70_0_0";"Ondarroa";4;"Merlan";"Merlan";"Merlan";33,22;2
"OTB_DEF_>=70_0_0";"Ondarroa";4;"Merluza europea";"Merluza europea";"Merluza europea";24154,3694;9
"OTB_DEF_>=70_0_0";"Ondarroa";4;"Musola";"Musola";"Cazon";95,956;3
"OTB_DEF_>=70_0_0";"Ondarroa";4;"Musola";"Musola";"Musola";98,910694781;3
"OTB_DEF_>=70_0_0";"Ondarroa";4;"Musola";"Musola";"Musola dentuda - musola estrellada";78,125297549;3
"OTB_DEF_>=70_0_0";"Ondarroa";4;"Pardete";"Pardete";"Pardete";28;1
"OTB_DEF_>=70_0_0";"Ondarroa";4;"Peon - pez plata";"Peon - pez plata";"Peon - pez plata";3312,2;5
"OTB_DEF_>=70_0_0";"Ondarroa";4;"Pez de San Pedro";"Pez de San Pedro";"Pez de San Pedro";263,15;5
"OTB_DEF_>=70_0_0";"Ondarroa";4;"Pintarroja";"Pintarroja";"Pintarroja";4250;6
"OTB_DEF_>=70_0_0";"Ondarroa";4;"Potas Ommastrephidae nep";"Pota costera";"Pota costera";6,515463918;1
"OTB_DEF_>=70_0_0";"Ondarroa";4;"Potas Ommastrephidae nep";"Pota voladora";"Pota voladora";192,48453608;2
"OTB_DEF_>=70_0_0";"Ondarroa";4;"Potas Ommastrephidae nep";"Potas Ommastrephidae nep";"Pota costera";39,60791367;2
"OTB_DEF_>=70_0_0";"Ondarroa";4;"Potas Ommastrephidae nep";"Potas Ommastrephidae nep";"Pota voladora";556,89208633;2
"OTB_DEF_>=70_0_0";"Ondarroa";4;"Rapes Lophius";"Rape blanco";"Rape blanco";2409,11;7
"OTB_DEF_>=70_0_0";"Ondarroa";4;"Rapes Lophius";"Rape negro";"Rape negro";13458,67;9
"OTB_DEF_>=70_0_0";"Ondarroa";4;"Rayas spp";"Raya de clavos";"Raya de clavos";106,71;3
"OTB_DEF_>=70_0_0";"Ondarroa";4;"Rayas spp";"Raya santiaguesa";"Raya santiaguesa";1263,7;3
"OTB_DEF_>=70_0_0";"Ondarroa";4;"Salmonete de roca";"Salmonete de roca";"Salmonete de roca";27;1
"OTB_DEF_>=70_0_0";"Ondarroa";4;"Salmonetes (Mullus spp)";"Salmonetes (Mullus spp)";"Salmonete de roca";1877,5;6
"OTB_DEF_>=70_0_0";"Ondarroa";4;"Salvario - Escorpion - Escarapote - Araña";"Salvario - Escorpion - Escarapote - Araña";"Salvario - Escorpion - Escarapote - Araña";2844,4;4
"OTB_DEF_>=70_0_0";"Ondarroa";4;"Sepias y chocos";"Sepia comun";"Sepia comun";1366,5;3
"OTB_DEF_>=70_0_0";"Ondarroa";4;"Sepias y chocos";"Sepias y chocos";"Sepia comun";792,4;2
"OTB_DEF_>=70_0_0";"Ondarroa";4;"Soleidos";"Acedia";"Acedia";466,2;3
"OTB_DEF_>=70_0_0";"Ondarroa";4;"Soleidos";"Acedia";"Soldadito";45,1;3
"OTB_DEF_>=70_0_0";"Ondarroa";4;"Soleidos";"Soldadito";"Soldadito";3423;4
"OTB_DEF_>=70_0_0";"Ondarroa";4;"Tollas - Musola spp";"Tollas - Musola spp";"Musola";1,89;1
"OTB_DEF_>=70_0_0";"Ondarroa";4;"Triglidos";"Triglidos";"Bejel";1194,6;7
"OTB_DEF_>=70_0_0";"Ondarroa";4;"Triglidos";"Triglidos";"Perlon";634;7
"OTB_DEF_>=70_0_0";"Ondarroa";4;"Verdel - Caballa";"Verdel - Caballa";"Verdel - Caballa";601,5;2
"OTB_DEF_>=70_0_0";"Ondarroa";4;"Verrugato de fango";"Verrugato de fango";"Verrugato de fango";1,5;1
"PS_SPF_0_0_0";"Bermeo";1;"Verdel - Caballa";"Verdel - Caballa";"Verdel - Caballa";3981;1
"PS_SPF_0_0_0";"Bermeo";2;"Anchoa - Boqueron";"Anchoa - Boqueron";"Anchoa - Boqueron";22642;5
"PS_SPF_0_0_0";"Bermeo";3;"Bonito Atlantico";"Bonito Atlantico";"Bonito Atlantico";57;1
"PS_SPF_0_0_0";"Bermeo";3;"Chicharro Negro";"Chicharro Negro";"Chicharro Negro";338;1
"PS_SPF_0_0_0";"Bermeo";3;"Chopa";"Chopa";"Chopa";4,023173234;1
"PS_SPF_0_0_0";"Bermeo";3;"Estornino del Atlantico";"Estornino del Atlantico";"Estornino del Atlantico";29;1
"PS_SPF_0_0_0";"Bermeo";4;"Bonito Atlantico";"Bonito Atlantico";"Bonito Atlantico";13;1
"PS_SPF_0_0_0";"Bermeo";4;"Chicharro Negro";"Chicharro Negro";"Chicharro Negro";1832;2
"PS_SPF_0_0_0";"Bermeo";4;"Estornino del Atlantico";"Estornino del Atlantico";"Estornino del Atlantico";383;2
"PS_SPF_0_0_0";"Bermeo";4;"Sardina";"Sardina";"Sardina";13;1
"PS_SPF_0_0_0";"Bermeo";4;"Verdel - Caballa";"Verdel - Caballa";"Verdel - Caballa";622;1
"PS_SPF_0_0_0";"Getaria";1;"Anchoa - Boqueron";"Anchoa - Boqueron";"Anchoa - Boqueron";2328;4
"PS_SPF_0_0_0";"Getaria";1;"Sardina";"Sardina";"Sardina";17676,1;8
"PS_SPF_0_0_0";"Getaria";1;"Verdel - Caballa";"Verdel - Caballa";"Verdel - Caballa";342122,6;10
"PS_SPF_0_0_0";"Getaria";2;"Anchoa - Boqueron";"Anchoa - Boqueron";"Anchoa - Boqueron";104949;23
"PS_SPF_0_0_0";"Getaria";2;"Chicharro Negro";"Chicharro Negro";"Chicharro Negro";23200;2
"PS_SPF_0_0_0";"Getaria";2;"Oblada - colanegra - Buzten Baltza";"Oblada - colanegra - Buzten Baltza";"Oblada - colanegra - Buzten Baltza";65;1
"PS_SPF_0_0_0";"Getaria";2;"Verdel - Caballa";"Verdel - Caballa";"Verdel - Caballa";4738;3
"PS_SPF_0_0_0";"Getaria";3;"Anchoa - Boqueron";"Anchoa - Boqueron";"Anchoa - Boqueron";29861;4
"PS_SPF_0_0_0";"Getaria";3;"Chicharro Blanco";"Chicharro Blanco";"Chicharro Blanco";462,6;1
"PS_SPF_0_0_0";"Getaria";3;"Estornino del Atlantico";"Estornino del Atlantico";"Estornino del Atlantico";21750;4
"PS_SPF_0_0_0";"Getaria";3;"Sardina";"Sardina";"Sardina";4394;2
"PS_SPF_0_0_0";"Getaria";4;"Anchoa - Boqueron";"Anchoa - Boqueron";"Anchoa - Boqueron";11327;6
"PS_SPF_0_0_0";"Getaria";4;"Bonito Atlantico";"Bonito Atlantico";"Bonito Atlantico";533,469680236;5
"PS_SPF_0_0_0";"Getaria";4;"Chicharro Blanco";"Chicharro Blanco";"Chicharro Blanco";2209;5
"PS_SPF_0_0_0";"Getaria";4;"Chicharro Negro";"Chicharro Negro";"Chicharro Negro";10710;7
"PS_SPF_0_0_0";"Getaria";4;"Estornino del Atlantico";"Estornino del Atlantico";"Estornino del Atlantico";61088,8;19
"PS_SPF_0_0_0";"Getaria";4;"Listado";"Listado";"Bonito Atlantico";406,2;4
"PS_SPF_0_0_0";"Getaria";4;"Listado";"Listado";"Listado";2652,8;4
"PS_SPF_0_0_0";"Getaria";4;"Melva y melvera";"Melva y melvera";"Bonito Atlantico";216,6;2
"PS_SPF_0_0_0";"Getaria";4;"Melva y melvera";"Melva y melvera";"Melva (rochei)";400;2
"PS_SPF_0_0_0";"Getaria";4;"Sardina";"Sardina";"Sardina";343539;52
"PS_SPF_0_0_0";"Getaria";4;"Verdel - Caballa";"Verdel - Caballa";"Verdel - Caballa";600;1
"PS_SPF_0_0_0";"Hondarribia";1;"Anchoa - Boqueron";"Anchoa - Boqueron";"Anchoa - Boqueron";19300,45;14
"PS_SPF_0_0_0";"Hondarribia";1;"Corvina";"Corvina";"Corvina";79,5;1
"PS_SPF_0_0_0";"Hondarribia";1;"Sardina";"Sardina";"Sardina";7509,364980209;4
"PS_SPF_0_0_0";"Hondarribia";1;"Verdel - Caballa";"Verdel - Caballa";"Verdel - Caballa";494968;20
"PS_SPF_0_0_0";"Hondarribia";2;"Anchoa - Boqueron";"Anchoa - Boqueron";"Anchoa - Boqueron";125698,6;33
"PS_SPF_0_0_0";"Hondarribia";2;"Chicharro Negro";"Chicharro Negro";"Chicharro Negro";117,9;2
"PS_SPF_0_0_0";"Hondarribia";2;"Estornino del Atlantico";"Estornino del Atlantico";"Estornino del Atlantico";272,9;1
"PS_SPF_0_0_0";"Hondarribia";2;"Verdel - Caballa";"Verdel - Caballa";"Verdel - Caballa";87313,3;7
"PS_SPF_0_0_0";"Hondarribia";3;"Chicharro Blanco";"Chicharro Blanco";"Chicharro Blanco";1028,2;1
"PS_SPF_0_0_0";"Hondarribia";3;"Estornino del Atlantico";"Estornino del Atlantico";"Estornino del Atlantico";57817,2;4
"PS_SPF_0_0_0";"Hondarribia";4;"Bonito Atlantico";"Bonito Atlantico";"Bonito Atlantico";42,1;1
"PS_SPF_0_0_0";"Hondarribia";4;"Chicharro Blanco";"Chicharro Blanco";"Chicharro Blanco";2295,5;1
"PS_SPF_0_0_0";"Hondarribia";4;"Chicharro Negro";"Chicharro Negro";"Chicharro Negro";28748;3
"PS_SPF_0_0_0";"Hondarribia";4;"Estornino del Atlantico";"Estornino del Atlantico";"Estornino del Atlantico";36980,8;4
"PS_SPF_0_0_0";"Hondarribia";4;"Listado";"Listado";"Listado";35145;2
"PS_SPF_0_0_0";"Hondarribia";4;"Sardina";"Sardina";"Sardina";72093,85;14
"PS_SPF_0_0_0";"Ondarroa";1;"Anchoa - Boqueron";"Anchoa - Boqueron";"Anchoa - Boqueron";26317,7;13
"PS_SPF_0_0_0";"Ondarroa";1;"Boga";"Boga";"Boga";5246;5
"PS_SPF_0_0_0";"Ondarroa";1;"Chicharro Blanco";"Chicharro Blanco";"Chicharro Blanco";6144,1;5
"PS_SPF_0_0_0";"Ondarroa";1;"Chicharro Negro";"Chicharro Negro";"Chicharro Negro";14625,4;6
"PS_SPF_0_0_0";"Ondarroa";1;"Dorada";"Dorada";"Dorada";165,9;1
"PS_SPF_0_0_0";"Ondarroa";1;"Estornino del Atlantico";"Estornino del Atlantico";"Estornino del Atlantico";15425;3
"PS_SPF_0_0_0";"Ondarroa";1;"Estornino del Pacifico";"Estornino del Pacifico";"Estornino del Pacifico";1668;1
"PS_SPF_0_0_0";"Ondarroa";1;"Herrera";"Herrera";"Herrera";895,8;1
"PS_SPF_0_0_0";"Ondarroa";1;"Pardete";"Pardete";"Pardete";8340,39983703;3
"PS_SPF_0_0_0";"Ondarroa";1;"Salema - salpa";"Salema - salpa";"Salema - salpa";1307,6;2
"PS_SPF_0_0_0";"Ondarroa";1;"Sardina";"Sardina";"Sardina";368369;54
"PS_SPF_0_0_0";"Ondarroa";1;"Verdel - Caballa";"Verdel - Caballa";"Verdel - Caballa";872510,6;84
"PS_SPF_0_0_0";"Ondarroa";2;"Anchoa - Boqueron";"Anchoa - Boqueron";"Anchoa - Boqueron";153138,9;32
"PS_SPF_0_0_0";"Ondarroa";2;"Boga";"Boga";"Boga";1222,1;7
"PS_SPF_0_0_0";"Ondarroa";2;"Bonito Atlantico";"Bonito Atlantico";"Bonito Atlantico";614,9;10
"PS_SPF_0_0_0";"Ondarroa";2;"Chicharro Blanco";"Chicharro Blanco";"Chicharro Blanco";12383;13
"PS_SPF_0_0_0";"Ondarroa";2;"Chicharro Negro";"Chicharro Negro";"Chicharro Negro";15900,88190191;11
"PS_SPF_0_0_0";"Ondarroa";2;"Chopa";"Chopa";"Chopa";164,342022456;7
"PS_SPF_0_0_0";"Ondarroa";2;"Estornino del Atlantico";"Estornino del Atlantico";"Estornino del Atlantico";7626,4;14
"PS_SPF_0_0_0";"Ondarroa";2;"Lisa - Corcon";"Lisa - Corcon";"Lisa - Corcon";10,66868828;1
"PS_SPF_0_0_0";"Ondarroa";2;"Lubina";"Lubina";"Lubina";2,008784478;1
"PS_SPF_0_0_0";"Ondarroa";2;"Oblada - colanegra - Buzten Baltza";"Oblada - colanegra - Buzten Baltza";"Oblada - colanegra - Buzten Baltza";11483,204400316;13
"PS_SPF_0_0_0";"Ondarroa";2;"Salema - salpa";"Salema - salpa";"Salema - salpa";11662;5
"PS_SPF_0_0_0";"Ondarroa";2;"Salvario - Escorpion - Escarapote - Araña";"Salvario - Escorpion - Escarapote - Araña";"Salvario - Escorpion - Escarapote - Araña";9,7;1
"PS_SPF_0_0_0";"Ondarroa";2;"Sardina";"Sardina";"Sardina";6011,9;6
"PS_SPF_0_0_0";"Ondarroa";2;"Sargo";"Sargo";"Sargo";88,790714809;5
"PS_SPF_0_0_0";"Ondarroa";2;"Sargo picudo";"Sargo picudo";"Sargo picudo";0,413907056;1
"PS_SPF_0_0_0";"Ondarroa";2;"Verdel - Caballa";"Verdel - Caballa";"Verdel - Caballa";157098,7;18
"PS_SPF_0_0_0";"Ondarroa";3;"Aguja";"Aguja";"Aguja";155,40947776;3
"PS_SPF_0_0_0";"Ondarroa";3;"Anchoa - Boqueron";"Anchoa - Boqueron";"Anchoa - Boqueron";68290,7;17
"PS_SPF_0_0_0";"Ondarroa";3;"Boga";"Boga";"Boga";136,5;3
"PS_SPF_0_0_0";"Ondarroa";3;"Bonito Atlantico";"Bonito Atlantico";"Bonito Atlantico";11559,646440631;24
"PS_SPF_0_0_0";"Ondarroa";3;"Chicharro Blanco";"Chicharro Blanco";"Chicharro Blanco";20807;33
"PS_SPF_0_0_0";"Ondarroa";3;"Chicharro Negro";"Chicharro Negro";"Chicharro Negro";1443,1;9
"PS_SPF_0_0_0";"Ondarroa";3;"Chopa";"Chopa";"Chopa";1900,987543233;19
"PS_SPF_0_0_0";"Ondarroa";3;"Estornino del Atlantico";"Estornino del Atlantico";"Estornino del Atlantico";32595,050751344;34
"PS_SPF_0_0_0";"Ondarroa";3;"Lubina";"Lubina";"Lubina";72,851636087;3
"PS_SPF_0_0_0";"Ondarroa";3;"Melva y melvera";"Melva y melvera";"Melva (rochei)";165,5;2
"PS_SPF_0_0_0";"Ondarroa";3;"Oblada - colanegra - Buzten Baltza";"Oblada - colanegra - Buzten Baltza";"Oblada - colanegra - Buzten Baltza";1474,8;19
"PS_SPF_0_0_0";"Ondarroa";3;"Pardete";"Pardete";"Lisa - Corcon";58,58;4
"PS_SPF_0_0_0";"Ondarroa";3;"Pardete";"Pardete";"Pardete";49,218797329;4
"PS_SPF_0_0_0";"Ondarroa";3;"Salema - salpa";"Salema - salpa";"Salema - salpa";3725,55192161;3
"PS_SPF_0_0_0";"Ondarroa";3;"Salvario - Escorpion - Escarapote - Araña";"Salvario - Escorpion - Escarapote - Araña";"Salvario - Escorpion - Escarapote - Araña";800,7;8
"PS_SPF_0_0_0";"Ondarroa";3;"Sardina";"Sardina";"Sardina";5560;1
"PS_SPF_0_0_0";"Ondarroa";3;"Sargo";"Sargo";"Sargo";19,95784729;2
"PS_SPF_0_0_0";"Ondarroa";3;"Sargo";"Sargo";"Sargo picudo";0,413907056;2
"PS_SPF_0_0_0";"Ondarroa";3;"Verdel - Caballa";"Verdel - Caballa";"Verdel - Caballa";7,2;1
"PS_SPF_0_0_0";"Ondarroa";4;"Aguja";"Aguja";"Aguja";9,88;1
"PS_SPF_0_0_0";"Ondarroa";4;"Aligote";"Aligote";"Aligote";60,3127379;3
"PS_SPF_0_0_0";"Ondarroa";4;"Aligote";"Aligote";"Breca";25,3572621;3
"PS_SPF_0_0_0";"Ondarroa";4;"Anchoa - Boqueron";"Anchoa - Boqueron";"Anchoa - Boqueron";35971;11
"PS_SPF_0_0_0";"Ondarroa";4;"Boga";"Boga";"Boga";11431,4;7
"PS_SPF_0_0_0";"Ondarroa";4;"Bonito Atlantico";"Bonito Atlantico";"Bonito Atlantico";75375,15;21
"PS_SPF_0_0_0";"Ondarroa";4;"Breca";"Breca";"Breca";39,422450331;4
"PS_SPF_0_0_0";"Ondarroa";4;"Chicharro Blanco";"Chicharro Blanco";"Chicharro Blanco";11612,1;15
"PS_SPF_0_0_0";"Ondarroa";4;"Chicharro Negro";"Chicharro Negro";"Chicharro Negro";299754,2;65
"PS_SPF_0_0_0";"Ondarroa";4;"Chopa";"Chopa";"Chopa";15,4;1
"PS_SPF_0_0_0";"Ondarroa";4;"Desconocido";"Desconocido";"Aligote";0,387549669;2
"PS_SPF_0_0_0";"Ondarroa";4;"Desconocido";"Desconocido";"Bonito Atlantico";20;2
"PS_SPF_0_0_0";"Ondarroa";4;"Estornino del Atlantico";"Estornino del Atlantico";"Estornino del Atlantico";177730,9330752;39
"PS_SPF_0_0_0";"Ondarroa";4;"Estornino del Pacifico";"Estornino del Pacifico";"Estornino del Pacifico";2860;2
"PS_SPF_0_0_0";"Ondarroa";4;"Herrera";"Herrera";"Herrera";90;1
"PS_SPF_0_0_0";"Ondarroa";4;"Listado";"Listado";"Listado";20683,9;4
"PS_SPF_0_0_0";"Ondarroa";4;"Lubina";"Lubina";"Lubina";23,896085183;5
"PS_SPF_0_0_0";"Ondarroa";4;"Melva y melvera";"Melva y melvera";"Melva (rochei)";8366,04075822;7
"PS_SPF_0_0_0";"Ondarroa";4;"Oblada - colanegra - Buzten Baltza";"Oblada - colanegra - Buzten Baltza";"Oblada - colanegra - Buzten Baltza";9548,6;9
"PS_SPF_0_0_0";"Ondarroa";4;"Oblada - colanegra - Buzten Baltza";"Oblada - colanegra - Buzten Baltza";"Verdel - Caballa";35;9
"PS_SPF_0_0_0";"Ondarroa";4;"Paparda - Lanzon";"Paparda - Lanzon";"Paparda - Lanzon";29170,8;8
"PS_SPF_0_0_0";"Ondarroa";4;"Pardete";"Pardete";"Pardete";1824,8;5
"PS_SPF_0_0_0";"Ondarroa";4;"Salema - salpa";"Salema - salpa";"Salema - salpa";116;1
"PS_SPF_0_0_0";"Ondarroa";4;"Sardina";"Sardina";"Sardina";642934,8;98
"PS_SPF_0_0_0";"Ondarroa";4;"Sargo";"Sargo";"Sargo";5802,4;3
"PS_SPF_0_0_0";"Ondarroa";4;"Sargo";"Sargo";"Sargo picudo";226,8;3
"PS_SPF_0_0_0";"Ondarroa";4;"Verdel - Caballa";"Verdel - Caballa";"Verdel - Caballa";17159,9669248;26
"PS_SPF_0_0_0";"Pasaia";1;"Anchoa - Boqueron";"Anchoa - Boqueron";"Anchoa - Boqueron";2242,468370624;7
"PS_SPF_0_0_0";"Pasaia";1;"Chicharro Negro";"Chicharro Negro";"Chicharro Negro";7;1
"PS_SPF_0_0_0";"Pasaia";1;"Estornino del Atlantico";"Estornino del Atlantico";"Estornino del Atlantico";10,5;1
"PS_SPF_0_0_0";"Pasaia";1;"Paparda - Lanzon";"Paparda - Lanzon";"Paparda - Lanzon";4,593488745;1
"PS_SPF_0_0_0";"Pasaia";1;"Sardina";"Sardina";"Sardina";218778;31
"PS_SPF_0_0_0";"Pasaia";1;"Verdel - Caballa";"Verdel - Caballa";"Verdel - Caballa";66541,132567313;7
"PS_SPF_0_0_0";"Pasaia";2;"Aligote";"Aligote";"Aligote";4,5;1
"PS_SPF_0_0_0";"Pasaia";2;"Anchoa - Boqueron";"Anchoa - Boqueron";"Anchoa - Boqueron";25717,8;7
"PS_SPF_0_0_0";"Pasaia";2;"Bonito Atlantico";"Bonito Atlantico";"Bonito Atlantico";9,4;2
"PS_SPF_0_0_0";"Pasaia";2;"Breca";"Breca";"Breca";4,3;2
"PS_SPF_0_0_0";"Pasaia";2;"Chicharro Negro";"Chicharro Negro";"Chicharro Negro";115,1;1
"PS_SPF_0_0_0";"Pasaia";2;"Chopa";"Chopa";"Chopa";3;1
"PS_SPF_0_0_0";"Pasaia";2;"Lisa - Corcon";"Lisa - Corcon";"Lisa - Corcon";38,7;2
"PS_SPF_0_0_0";"Pasaia";2;"Oblada - colanegra - Buzten Baltza";"Oblada - colanegra - Buzten Baltza";"Oblada - colanegra - Buzten Baltza";13,7;2
"PS_SPF_0_0_0";"Pasaia";2;"Pargo";"Pargo";"Pargo";1,14;1
"PS_SPF_0_0_0";"Pasaia";2;"Sardina";"Sardina";"Sardina";24644,5;3
"PS_SPF_0_0_0";"Pasaia";2;"Triglidos";"Bejel";"Bejel";0,64;1
"PS_SPF_0_0_0";"Pasaia";2;"Verdel - Caballa";"Verdel - Caballa";"Verdel - Caballa";19149,2;3
"PS_SPF_0_0_0";"Pasaia";3;"Anchoa - Boqueron";"Anchoa - Boqueron";"Anchoa - Boqueron";2844,7;1
"PS_SPF_0_0_0";"Pasaia";3;"Boga";"Boga";"Boga";0,013491995;1
"PS_SPF_0_0_0";"Pasaia";3;"Bonito Atlantico";"Bonito Atlantico";"Bonito Atlantico";442,1;2
"PS_SPF_0_0_0";"Pasaia";3;"Chicharro Blanco";"Chicharro Blanco";"Chicharro Blanco";5204,9;2
"PS_SPF_0_0_0";"Pasaia";3;"Estornino del Atlantico";"Estornino del Atlantico";"Estornino del Atlantico";4509;2
"PS_SPF_0_0_0";"Pasaia";3;"Oblada - colanegra - Buzten Baltza";"Oblada - colanegra - Buzten Baltza";"Oblada - colanegra - Buzten Baltza";9,4;1
"PS_SPF_0_0_0";"Pasaia";3;"Paparda - Lanzon";"Paparda - Lanzon";"Paparda - Lanzon";0,1;1
"PS_SPF_0_0_0";"Pasaia";3;"Pardete";"Pardete";"Pardete";170;1
"PS_SPF_0_0_0";"Pasaia";3;"Sardina";"Sardina";"Sardina";0,443894864;1
"PS_SPF_0_0_0";"Pasaia";3;"Verdel - Caballa";"Verdel - Caballa";"Verdel - Caballa";1,23422289;1
"PS_SPF_0_0_0";"Pasaia";4;"Aguja";"Aguja";"Aguja";1,330845752;1
"PS_SPF_0_0_0";"Pasaia";4;"Aligote";"Aligote";"Aligote";3,1;1
"PS_SPF_0_0_0";"Pasaia";4;"Anchoa - Boqueron";"Anchoa - Boqueron";"Anchoa - Boqueron";11520,94;7
"PS_SPF_0_0_0";"Pasaia";4;"Boga";"Boga";"Boga";2308;6
"PS_SPF_0_0_0";"Pasaia";4;"Bonito Atlantico";"Bonito Atlantico";"Bonito Atlantico";84,7;7
"PS_SPF_0_0_0";"Pasaia";4;"Breca";"Breca";"Breca";13,503184151;3
"PS_SPF_0_0_0";"Pasaia";4;"Chicharro Blanco";"Chicharro Blanco";"Chicharro Blanco";5116,882478425;11
"PS_SPF_0_0_0";"Pasaia";4;"Chicharro Negro";"Chicharro Negro";"Chicharro Negro";74756,55186614;24
"PS_SPF_0_0_0";"Pasaia";4;"Chopa";"Chopa";"Chopa";6,540467047;1
"PS_SPF_0_0_0";"Pasaia";4;"Estornino del Atlantico";"Estornino del Atlantico";"Estornino del Atlantico";49992,176492729;17
"PS_SPF_0_0_0";"Pasaia";4;"Herrera";"Herrera";"Herrera";9,2;1
"PS_SPF_0_0_0";"Pasaia";4;"Lubina";"Lubina";"Lubina";54,314874374;5
"PS_SPF_0_0_0";"Pasaia";4;"Oblada - colanegra - Buzten Baltza";"Oblada - colanegra - Buzten Baltza";"Oblada - colanegra - Buzten Baltza";11,237079073;3
"PS_SPF_0_0_0";"Pasaia";4;"Paparda - Lanzon";"Paparda - Lanzon";"Paparda - Lanzon";1554;3
"PS_SPF_0_0_0";"Pasaia";4;"Pardete";"Pardete";"Pardete";18,068550258;3
"PS_SPF_0_0_0";"Pasaia";4;"Salmonete de roca";"Salmonete de roca";"Salmonete de roca";0,212847046;1
"PS_SPF_0_0_0";"Pasaia";4;"Sardina";"Sardina";"Sardina";400233,27;79
"PS_SPF_0_0_0";"Pasaia";4;"Sargo mojarra";"Sargo mojarra";"Sargo mojarra";0,99347159;1
"PS_SPF_0_0_0";"Pasaia";4;"Verdel - Caballa";"Verdel - Caballa";"Verdel - Caballa";1109,1;6
"PTB_MPD_>=55_0_0";"Ondarroa";1;"Brotola de fango (Phycis blennoides)";"Brotola de fango (Phycis blennoides)";"Brotola de fango (Phycis blennoides)";32,468541484;3
"PTB_MPD_>=55_0_0";"Ondarroa";1;"Chicharro Blanco";"Chicharro Blanco";"Chicharro Blanco";6;1
"PTB_MPD_>=55_0_0";"Ondarroa";1;"Chicharro Negro";"Chicharro Negro";"Chicharro Negro";3209;5
"PTB_MPD_>=55_0_0";"Ondarroa";1;"Estornino del Atlantico";"Estornino del Atlantico";"Estornino del Atlantico";49;2
"PTB_MPD_>=55_0_0";"Ondarroa";1;"Fanecas spp";"Faneca comun";"Faneca comun";19,612690514;2
"PTB_MPD_>=55_0_0";"Ondarroa";1;"Gallos - ollarra";"Gallo boscii";"Gallo boscii";7,669396594;1
"PTB_MPD_>=55_0_0";"Ondarroa";1;"Gallos - ollarra";"Gallo whiffiagonis";"Gallo whiffiagonis";16,39260341;1
"PTB_MPD_>=55_0_0";"Ondarroa";1;"Gallos - ollarra";"Gallos - ollarra";"Gallo boscii";9,940955809;3
"PTB_MPD_>=55_0_0";"Ondarroa";1;"Gallos - ollarra";"Gallos - ollarra";"Gallo whiffiagonis";68,084704368;3
"PTB_MPD_>=55_0_0";"Ondarroa";1;"Lirio - Bacaladilla";"Lirio - Bacaladilla";"Lirio - Bacaladilla";2475,531179799;4
"PTB_MPD_>=55_0_0";"Ondarroa";1;"Maruca - Juliana (Molva molva)";"Maruca - Juliana (Molva molva)";"Maruca - Juliana (Molva molva)";1,65213682;1
"PTB_MPD_>=55_0_0";"Ondarroa";1;"Merluza europea";"Merluza europea";"Merluza europea";12296,521241567;6
"PTB_MPD_>=55_0_0";"Ondarroa";1;"Peon - pez plata";"Peon - pez plata";"Peon - pez plata";160;4
"PTB_MPD_>=55_0_0";"Ondarroa";1;"Pez de San Pedro";"Pez de San Pedro";"Pez de San Pedro";4,7;2
"PTB_MPD_>=55_0_0";"Ondarroa";1;"Pintarroja";"Pintarroja";"Pintarroja";245,4;3
"PTB_MPD_>=55_0_0";"Ondarroa";1;"Potas Ommastrephidae nep";"Pota voladora";"Pota voladora";6,69527897;1
"PTB_MPD_>=55_0_0";"Ondarroa";1;"Potas Ommastrephidae nep";"Potas Ommastrephidae nep";"Pota costera";283,80472103;3
"PTB_MPD_>=55_0_0";"Ondarroa";1;"Rapes Lophius";"Rape blanco";"Rape blanco";217,34643177;4
"PTB_MPD_>=55_0_0";"Ondarroa";1;"Rapes Lophius";"Rape negro";"Rape negro";420,726506883;5
"PTB_MPD_>=55_0_0";"Ondarroa";1;"Sepias y chocos";"Sepias y chocos";"Sepia comun";163,1;2
"PTB_MPD_>=55_0_0";"Ondarroa";1;"Triglidos";"Triglidos";"Arete oscuro ";2,45758034;4
"PTB_MPD_>=55_0_0";"Ondarroa";1;"Triglidos";"Triglidos";"Bejel";7,286107902;4
"PTB_MPD_>=55_0_0";"Ondarroa";1;"Triglidos";"Triglidos";"Cuco - Peona";35,415284678;4
"PTB_MPD_>=55_0_0";"Ondarroa";1;"Triglidos";"Triglidos";"Garneo";15,575063833;4
"PTB_MPD_>=55_0_0";"Ondarroa";1;"Triglidos";"Triglidos";"Perlon";11,06527778;4
"PTB_MPD_>=55_0_0";"Ondarroa";1;"Verdel - Caballa";"Verdel - Caballa";"Verdel - Caballa";5340;5
"PTB_MPD_>=55_0_0";"Ondarroa";2;"Brotola de fango (Phycis blennoides)";"Brotola de fango (Phycis blennoides)";"Brotola de fango (Phycis blennoides)";137,17;4
"PTB_MPD_>=55_0_0";"Ondarroa";2;"Chicharro Blanco";"Chicharro Blanco";"Chicharro Blanco";36;1
"PTB_MPD_>=55_0_0";"Ondarroa";2;"Chicharro Negro";"Chicharro Negro";"Chicharro Negro";1040,605705163;7
"PTB_MPD_>=55_0_0";"Ondarroa";2;"Fanecas spp";"Faneca comun";"Faneca comun";32,428106809;4
"PTB_MPD_>=55_0_0";"Ondarroa";2;"Gallos - ollarra";"Gallo boscii";"Gallo boscii";15,408289925;1
"PTB_MPD_>=55_0_0";"Ondarroa";2;"Gallos - ollarra";"Gallo whiffiagonis";"Gallo whiffiagonis";290,793803061;2
"PTB_MPD_>=55_0_0";"Ondarroa";2;"Gallos - ollarra";"Gallos - ollarra";"Gallo boscii";55,079239528;3
"PTB_MPD_>=55_0_0";"Ondarroa";2;"Gallos - ollarra";"Gallos - ollarra";"Gallo whiffiagonis";88,637696651;3
"PTB_MPD_>=55_0_0";"Ondarroa";2;"Lirio - Bacaladilla";"Lirio - Bacaladilla";"Lirio - Bacaladilla";28106;8
"PTB_MPD_>=55_0_0";"Ondarroa";2;"Maruca - Juliana (Molva molva)";"Maruca - Juliana (Molva molva)";"Maruca - Juliana (Molva molva)";7,36726635;1
"PTB_MPD_>=55_0_0";"Ondarroa";2;"Merluza europea";"Merluza europea";"Merluza europea";17504,058232522;10
"PTB_MPD_>=55_0_0";"Ondarroa";2;"Musola";"Musola";"Musola";6,339272727;2
"PTB_MPD_>=55_0_0";"Ondarroa";2;"Musola dentuda - musola estrellada";"Musola dentuda - musola estrellada";"Musola dentuda - musola estrellada";5,223127273;2
"PTB_MPD_>=55_0_0";"Ondarroa";2;"Peon - pez plata";"Peon - pez plata";"Peon - pez plata";96,9;6
"PTB_MPD_>=55_0_0";"Ondarroa";2;"Pez de San Pedro";"Pez de San Pedro";"Pez de San Pedro";10,514720229;4
"PTB_MPD_>=55_0_0";"Ondarroa";2;"Pintarroja";"Pintarroja";"Pintarroja";121,74778059;3
"PTB_MPD_>=55_0_0";"Ondarroa";2;"Potas Ommastrephidae nep";"Pota costera";"Pota costera";19,56521739;1
"PTB_MPD_>=55_0_0";"Ondarroa";2;"Potas Ommastrephidae nep";"Pota voladora";"Pota voladora";2,934782609;1
"PTB_MPD_>=55_0_0";"Ondarroa";2;"Potas Ommastrephidae nep";"Potas Ommastrephidae nep";"Pota costera";68,09987785;2
"PTB_MPD_>=55_0_0";"Ondarroa";2;"Potas Ommastrephidae nep";"Potas Ommastrephidae nep";"Pota voladora";8,40012215;2
"PTB_MPD_>=55_0_0";"Ondarroa";2;"Rapes Lophius";"Rape blanco";"Rape blanco";71,52;3
"PTB_MPD_>=55_0_0";"Ondarroa";2;"Rapes Lophius";"Rape negro";"Rape negro";534,157818107;3
"PTB_MPD_>=55_0_0";"Ondarroa";2;"Rayas spp";"Raya de clavos";"Raya de clavos";27,4;2
"PTB_MPD_>=55_0_0";"Ondarroa";2;"Triglidos";"Triglidos";"Perlon";4,357130964;1
"PTB_MPD_>=55_0_0";"Ondarroa";2;"Verdel - Caballa";"Verdel - Caballa";"Verdel - Caballa";32172;7
"PTB_MPD_>=55_0_0";"Ondarroa";3;"Brotola de fango (Phycis blennoides)";"Brotola de fango (Phycis blennoides)";"Brotola de fango (Phycis blennoides)";13,53;1
"PTB_MPD_>=55_0_0";"Ondarroa";3;"Chicharro Negro";"Chicharro Negro";"Chicharro Negro";64,4;1
"PTB_MPD_>=55_0_0";"Ondarroa";3;"Desconocido";"Desconocido";"Garneo";30;1
"PTB_MPD_>=55_0_0";"Ondarroa";3;"Fanecas spp";"Faneca comun";"Faneca comun";10,954097;2
"PTB_MPD_>=55_0_0";"Ondarroa";3;"Lirio - Bacaladilla";"Lirio - Bacaladilla";"Lirio - Bacaladilla";6306;3
"PTB_MPD_>=55_0_0";"Ondarroa";3;"Merluza europea";"Merluza europea";"Merluza europea";9096,83551808;3
"PTB_MPD_>=55_0_0";"Ondarroa";3;"Palometa negra - Japuta";"Palometa negra - Japuta";"Palometa negra - Japuta";37,199777979;1
"PTB_MPD_>=55_0_0";"Ondarroa";3;"Peon - pez plata";"Peon - pez plata";"Peon - pez plata";36;3
"PTB_MPD_>=55_0_0";"Ondarroa";3;"Pez de San Pedro";"Pez de San Pedro";"Pez de San Pedro";5,914993091;2
"PTB_MPD_>=55_0_0";"Ondarroa";3;"Potas Ommastrephidae nep";"Pota costera";"Pota costera";60,73454182;1
"PTB_MPD_>=55_0_0";"Ondarroa";3;"Potas Ommastrephidae nep";"Pota voladora";"Pota voladora";19,76545818;1
"PTB_MPD_>=55_0_0";"Ondarroa";3;"Rapes Lophius";"Rape blanco";"Rape blanco";74,28;2
"PTB_MPD_>=55_0_0";"Ondarroa";3;"Rapes Lophius";"Rape negro";"Rape negro";39,829438523;1
"PTB_MPD_>=55_0_0";"Ondarroa";3;"Triglidos";"Triglidos";"Garneo";36;1
"PTB_MPD_>=55_0_0";"Ondarroa";4;"Brotola de fango (Phycis blennoides)";"Brotola de fango (Phycis blennoides)";"Brotola de fango (Phycis blennoides)";101,64;3
"PTB_MPD_>=55_0_0";"Ondarroa";4;"Cazon";"Cazon";"Cazon";20,5024;1
"PTB_MPD_>=55_0_0";"Ondarroa";4;"Chicharro Negro";"Chicharro Negro";"Chicharro Negro";1045,39;5
"PTB_MPD_>=55_0_0";"Ondarroa";4;"Desconocido";"Desconocido";"Arete oscuro ";12;3
"PTB_MPD_>=55_0_0";"Ondarroa";4;"Desconocido";"Desconocido";"Cazon";12,9928;3
"PTB_MPD_>=55_0_0";"Ondarroa";4;"Desconocido";"Desconocido";"Garneo";96;3
"PTB_MPD_>=55_0_0";"Ondarroa";4;"Desconocido";"Desconocido";"Peon - pez plata";40,5;3
"PTB_MPD_>=55_0_0";"Ondarroa";4;"Fanecas spp";"Faneca comun";"Faneca comun";73,15;1
"PTB_MPD_>=55_0_0";"Ondarroa";4;"Fanecas spp";"Fanecas spp";"Faneca comun";85,94;2
"PTB_MPD_>=55_0_0";"Ondarroa";4;"Gallos - ollarra";"Gallo boscii";"Gallo boscii";43,409783885;3
"PTB_MPD_>=55_0_0";"Ondarroa";4;"Gallos - ollarra";"Gallo whiffiagonis";"Gallo whiffiagonis";77,536216115;3
"PTB_MPD_>=55_0_0";"Ondarroa";4;"Gallos - ollarra";"Gallos - ollarra";"Gallo boscii";3,32;1
"PTB_MPD_>=55_0_0";"Ondarroa";4;"Gallos - ollarra";"Gallos - ollarra";"Gallo whiffiagonis";31,482;1
"PTB_MPD_>=55_0_0";"Ondarroa";4;"Lirio - Bacaladilla";"Lirio - Bacaladilla";"Lirio - Bacaladilla";7002;6
"PTB_MPD_>=55_0_0";"Ondarroa";4;"Lochas - Brotolas";"Lochas - Brotolas";"Brotola de fango (Phycis blennoides)";2,75;1
"PTB_MPD_>=55_0_0";"Ondarroa";4;"Merluza europea";"Merluza europea";"Merluza europea";18643,9164;6
"PTB_MPD_>=55_0_0";"Ondarroa";4;"Palometa negra - Japuta";"Palometa negra - Japuta";"Palometa negra - Japuta";125,09;1
"PTB_MPD_>=55_0_0";"Ondarroa";4;"Peon - pez plata";"Peon - pez plata";"Peon - pez plata";436,6;3
"PTB_MPD_>=55_0_0";"Ondarroa";4;"Pez de San Pedro";"Pez de San Pedro";"Pez de San Pedro";3;1
"PTB_MPD_>=55_0_0";"Ondarroa";4;"Pintarroja";"Pintarroja";"Pintarroja";64;1
"PTB_MPD_>=55_0_0";"Ondarroa";4;"Potas Ommastrephidae nep";"Pota costera";"Pota costera";311;1
"PTB_MPD_>=55_0_0";"Ondarroa";4;"Rapes Lophius";"Rape blanco";"Rape blanco";120,19;2
"PTB_MPD_>=55_0_0";"Ondarroa";4;"Rapes Lophius";"Rape negro";"Rape negro";51,06;3
"PTB_MPD_>=55_0_0";"Ondarroa";4;"Rascacios, Cabrachos (Scorpaena spp.)";"Cabracho";"Cabracho";4,4;1
"PTB_MPD_>=55_0_0";"Ondarroa";4;"Rayas spp";"Raya de clavos";"Raya de clavos";16,55;1
"PTB_MPD_>=55_0_0";"Ondarroa";4;"Triglidos";"Triglidos";"Bejel";123,96;2
"PTB_MPD_>=55_0_0";"Ondarroa";4;"Triglidos";"Triglidos";"Garneo";48;2
"PTB_MPD_>=55_0_0";"Ondarroa";4;"Triglidos";"Triglidos";"Perlon";118;2
